state_ab,county,tvdma
AL,AUTAUGA,"Montgomery, AL DMA"
AL,BALDWIN,"Mobile, AL - Pensacola, FL - MS DMA"
AL,BARBOUR,"Columbus, GA - AL DMA"
AL,BIBB,"Birmingham, AL DMA"
AL,BLOUNT,"Birmingham, AL DMA"
AL,BULLOCK,"Montgomery, AL DMA"
AL,BUTLER,"Montgomery, AL DMA"
AL,CALHOUN,"Birmingham, AL DMA"
AL,CHAMBERS,"Columbus, GA - AL DMA"
AL,CHEROKEE,"Birmingham, AL DMA"
AL,CHILTON,"Birmingham, AL DMA"
AL,CHOCTAW,"Meridian, MS - AL DMA"
AL,CLARKE,"Mobile, AL - Pensacola, FL - MS DMA"
AL,CLAY,"Birmingham, AL DMA"
AL,CLEBURNE,"Atlanta, GA - AL - NC DMA"
AL,COFFEE,"Dothan, AL - GA DMA"
AL,COLBERT,"Huntsville - Decatur - Florence, AL - TN DMA"
AL,CONECUH,"Mobile, AL - Pensacola, FL - MS DMA"
AL,COOSA,"Montgomery, AL DMA"
AL,COVINGTON,"Montgomery, AL DMA"
AL,CRENSHAW,"Montgomery, AL DMA"
AL,CULLMAN,"Birmingham, AL DMA"
AL,DALE,"Dothan, AL - GA DMA"
AL,DALLAS,"Montgomery, AL DMA"
AL,DE KALB,"Huntsville - Decatur - Florence, AL - TN DMA"
AL,ELMORE,"Montgomery, AL DMA"
AL,ESCAMBIA,"Mobile, AL - Pensacola, FL - MS DMA"
AL,ETOWAH,"Birmingham, AL DMA"
AL,FAYETTE,"Birmingham, AL DMA"
AL,FRANKLIN,"Huntsville - Decatur - Florence, AL - TN DMA"
AL,GENEVA,"Dothan, AL - GA DMA"
AL,GREENE,"Birmingham, AL DMA"
AL,HALE,"Birmingham, AL DMA"
AL,HENRY,"Dothan, AL - GA DMA"
AL,HOUSTON,"Dothan, AL - GA DMA"
AL,JACKSON,"Huntsville - Decatur - Florence, AL - TN DMA"
AL,JEFFERSON,"Birmingham, AL DMA"
AL,LAMAR,"Columbus - Tupelo - West Point, MS - AL DMA"
AL,LAUDERDALE,"Huntsville - Decatur - Florence, AL - TN DMA"
AL,LAWRENCE,"Huntsville - Decatur - Florence, AL - TN DMA"
AL,LEE,"Columbus, GA - AL DMA"
AL,LIMESTONE,"Huntsville - Decatur - Florence, AL - TN DMA"
AL,LOWNDES,"Montgomery, AL DMA"
AL,MACON,"Montgomery, AL DMA"
AL,MADISON,"Huntsville - Decatur - Florence, AL - TN DMA"
AL,MARENGO,"Montgomery, AL DMA"
AL,MARION,"Birmingham, AL DMA"
AL,MARSHALL,"Huntsville - Decatur - Florence, AL - TN DMA"
AL,MOBILE,"Mobile, AL - Pensacola, FL - MS DMA"
AL,MONROE,"Mobile, AL - Pensacola, FL - MS DMA"
AL,MONTGOMERY,"Montgomery, AL DMA"
AL,MORGAN,"Huntsville - Decatur - Florence, AL - TN DMA"
AL,PERRY,"Montgomery, AL DMA"
AL,PICKENS,"Birmingham, AL DMA"
AL,PIKE,"Montgomery, AL DMA"
AL,RANDOLPH,"Atlanta, GA - AL - NC DMA"
AL,RUSSELL,"Columbus, GA - AL DMA"
AL,ST CLAIR,"Birmingham, AL DMA"
AL,SHELBY,"Birmingham, AL DMA"
AL,SUMTER,"Meridian, MS - AL DMA"
AL,TALLADEGA,"Birmingham, AL DMA"
AL,TALLAPOOSA,"Montgomery, AL DMA"
AL,TUSCALOOSA,"Birmingham, AL DMA"
AL,WALKER,"Birmingham, AL DMA"
AL,WASHINGTON,"Mobile, AL - Pensacola, FL - MS DMA"
AL,WILCOX,"Montgomery, AL DMA"
AL,WINSTON,"Birmingham, AL DMA"
AK,ANCHORAGE BOR. 3,"Anchorage, AK DMA"
AK,DENALI BOR. 6,"Fairbanks, AK DMA"
AK,FAIRBANKS NO.STAR BOR8.,"Fairbanks, AK DMA"
AK,JUNEAU BOR. 10,"Juneau, AK DMA"
AK,KENAI PENINSULA BOR. 11,"Anchorage, AK DMA"
AK,MATANUSKA-SUSITNA B1O5,"Anchorage, AK DMA"
AK,SOUTHEAST FRBKS. C.A 22,"Fairbanks, AK DMA"
AZ,APACHE,"Albuquerque - Santa Fe, NM - AZ - CO DMA"
AZ,COCHISE,"Tucson (Nogales), AZ DMA"
AZ,COCONINO,"Phoenix, AZ DMA"
AZ,GILA,"Phoenix, AZ DMA"
AZ,GRAHAM,"Phoenix, AZ DMA"
AZ,GREENLEE,"Phoenix, AZ DMA"
AZ,LA PAZ,"Phoenix, AZ DMA"
AZ,MARICOPA,"Phoenix, AZ DMA"
AZ,MOHAVE,"Phoenix, AZ DMA"
AZ,NAVAJO,"Phoenix, AZ DMA"
AZ,PIMA,"Tucson (Nogales), AZ DMA"
AZ,PINAL,"Phoenix, AZ DMA"
AZ,SANTA CRUZ,"Tucson (Nogales), AZ DMA"
AZ,YAVAPAI,"Phoenix, AZ DMA"
AZ,YUMA,"Yuma - El Centro, AZ - CA DMA"
AR,ARKANSAS,"Little Rock - Pine Bluff, AR DMA"
AR,ASHLEY,"Monroe - El Dorado, LA - AR DMA"
AR,BAXTER,"Springfield, MO - AR DMA"
AR,BENTON,"Ft. Smith - Fay - Springdale - Rogers, AR - OK DMA"
AR,BOONE,"Springfield, MO - AR DMA"
AR,BRADLEY,"Little Rock - Pine Bluff, AR DMA"
AR,CALHOUN,"Little Rock - Pine Bluff, AR DMA"
AR,CARROLL,"Springfield, MO - AR DMA"
AR,CHICOT,"Greenwood - Greenville, MS DMA"
AR,CLARK,"Little Rock - Pine Bluff, AR DMA"
AR,CLAY,"Jonesboro, AR - MO DMA"
AR,CLEBURNE,"Little Rock - Pine Bluff, AR DMA"
AR,CLEVELAND,"Little Rock - Pine Bluff, AR DMA"
AR,COLUMBIA,"Shreveport, LA - AR - OK - TX DMA"
AR,CONWAY,"Little Rock - Pine Bluff, AR DMA"
AR,CRAIGHEAD,"Jonesboro, AR - MO DMA"
AR,CRAWFORD,"Ft. Smith - Fay - Springdale - Rogers, AR - OK DMA"
AR,CRITTENDEN,"Memphis, TN - AR- MS - MO DMA"
AR,CROSS,"Memphis, TN - AR- MS - MO DMA"
AR,DALLAS,"Little Rock - Pine Bluff, AR DMA"
AR,DESHA,"Little Rock - Pine Bluff, AR DMA"
AR,DREW,"Little Rock - Pine Bluff, AR DMA"
AR,FAULKNER,"Little Rock - Pine Bluff, AR DMA"
AR,FRANKLIN,"Ft. Smith - Fay - Springdale - Rogers, AR - OK DMA"
AR,FULTON,"Springfield, MO - AR DMA"
AR,GARLAND,"Little Rock - Pine Bluff, AR DMA"
AR,GRANT,"Little Rock - Pine Bluff, AR DMA"
AR,GREENE,"Jonesboro, AR - MO DMA"
AR,HEMPSTEAD,"Shreveport, LA - AR - OK - TX DMA"
AR,HOT SPRING,"Little Rock - Pine Bluff, AR DMA"
AR,HOWARD,"Shreveport, LA - AR - OK - TX DMA"
AR,INDEPENDENCE,"Little Rock - Pine Bluff, AR DMA"
AR,IZARD,"Jonesboro, AR - MO DMA"
AR,JACKSON,"Little Rock - Pine Bluff, AR DMA"
AR,JEFFERSON,"Little Rock - Pine Bluff, AR DMA"
AR,JOHNSON,"Little Rock - Pine Bluff, AR DMA"
AR,LAFAYETTE,"Shreveport, LA - AR - OK - TX DMA"
AR,LAWRENCE,"Jonesboro, AR - MO DMA"
AR,LEE,"Memphis, TN - AR- MS - MO DMA"
AR,LINCOLN,"Little Rock - Pine Bluff, AR DMA"
AR,LITTLE RIVER,"Shreveport, LA - AR - OK - TX DMA"
AR,LOGAN,"Ft. Smith - Fay - Springdale - Rogers, AR - OK DMA"
AR,LONOKE,"Little Rock - Pine Bluff, AR DMA"
AR,MADISON,"Ft. Smith - Fay - Springdale - Rogers, AR - OK DMA"
AR,MARION,"Springfield, MO - AR DMA"
AR,MILLER,"Shreveport, LA - AR - OK - TX DMA"
AR,MISSISSIPPI,"Memphis, TN - AR- MS - MO DMA"
AR,MONROE,"Little Rock - Pine Bluff, AR DMA"
AR,MONTGOMERY,"Little Rock - Pine Bluff, AR DMA"
AR,NEVADA,"Shreveport, LA - AR - OK - TX DMA"
AR,NEWTON,"Springfield, MO - AR DMA"
AR,OUACHITA,"Little Rock - Pine Bluff, AR DMA"
AR,PERRY,"Little Rock - Pine Bluff, AR DMA"
AR,PHILLIPS,"Memphis, TN - AR- MS - MO DMA"
AR,PIKE,"Little Rock - Pine Bluff, AR DMA"
AR,POINSETT,"Memphis, TN - AR- MS - MO DMA"
AR,POLK,"Little Rock - Pine Bluff, AR DMA"
AR,POPE,"Little Rock - Pine Bluff, AR DMA"
AR,PRAIRIE,"Little Rock - Pine Bluff, AR DMA"
AR,PULASKI,"Little Rock - Pine Bluff, AR DMA"
AR,RANDOLPH,"Jonesboro, AR - MO DMA"
AR,ST FRANCIS,"Memphis, TN - AR- MS - MO DMA"
AR,SALINE,"Little Rock - Pine Bluff, AR DMA"
AR,SCOTT,"Ft. Smith - Fay - Springdale - Rogers, AR - OK DMA"
AR,SEARCY,"Little Rock - Pine Bluff, AR DMA"
AR,SEBASTIAN,"Ft. Smith - Fay - Springdale - Rogers, AR - OK DMA"
AR,SEVIER,"Shreveport, LA - AR - OK - TX DMA"
AR,SHARP,"Jonesboro, AR - MO DMA"
AR,STONE,"Little Rock - Pine Bluff, AR DMA"
AR,UNION,"Monroe - El Dorado, LA - AR DMA"
AR,VAN BUREN,"Little Rock - Pine Bluff, AR DMA"
AR,WASHINGTON,"Ft. Smith - Fay - Springdale - Rogers, AR - OK DMA"
AR,WHITE,"Little Rock - Pine Bluff, AR DMA"
AR,WOODRUFF,"Little Rock - Pine Bluff, AR DMA"
AR,YELL,"Little Rock - Pine Bluff, AR DMA"
CA,ALAMEDA,"San Francisco - Oakland - San Jose, CA DMA"
CA,ALPINE,"Reno, NV - CA DMA"
CA,AMADOR,"Sacramento - Stockton - Modesto, CA DMA"
CA,BUTTE,"Chico - Redding, CA DMA"
CA,CALAVERAS,"Sacramento - Stockton - Modesto, CA DMA"
CA,COLUSA,"Sacramento - Stockton - Modesto, CA DMA"
CA,CONTRA COSTA,"San Francisco - Oakland - San Jose, CA DMA"
CA,DEL NORTE,"Eureka, CA DMA"
CA,EL DORADO,"Sacramento - Stockton - Modesto, CA DMA"
CA,FRESNO,"Fresno - Visalia, CA DMA"
CA,GLENN,"Chico - Redding, CA DMA"
CA,HUMBOLDT,"Eureka, CA DMA"
CA,IMPERIAL,"Yuma - El Centro, AZ - CA DMA"
CA,INYO,"Los Angeles, CA DMA"
CA,KERN,"Bakersfield, CA DMA"
CA,KINGS,"Fresno - Visalia, CA DMA"
CA,LAKE,"San Francisco - Oakland - San Jose, CA DMA"
CA,LASSEN,"Reno, NV - CA DMA"
CA,LOS ANGELES,"Los Angeles, CA DMA"
CA,MADERA,"Fresno - Visalia, CA DMA"
CA,MARIN,"San Francisco - Oakland - San Jose, CA DMA"
CA,MARIPOSA,"Fresno - Visalia, CA DMA"
CA,MENDOCINO,"San Francisco - Oakland - San Jose, CA DMA"
CA,MERCED,"Fresno - Visalia, CA DMA"
CA,MODOC,"Medford - Klamath Falls, OR - CA DMA"
CA,MONO,"Reno, NV - CA DMA"
CA,MONTEREY,"Monterey - Salinas, CA DMA"
CA,NAPA,"San Francisco - Oakland - San Jose, CA DMA"
CA,NEVADA,"Sacramento - Stockton - Modesto, CA DMA"
CA,ORANGE,"Los Angeles, CA DMA"
CA,PLACER,"Sacramento - Stockton - Modesto, CA DMA"
CA,PLUMAS,"Sacramento - Stockton - Modesto, CA DMA"
CA,RIVERSIDE,"Palm Springs, CA DMA"
CA,SACRAMENTO,"Sacramento - Stockton - Modesto, CA DMA"
CA,SAN BENITO,"Monterey - Salinas, CA DMA"
CA,SAN BERNARDINO,"Los Angeles, CA DMA"
CA,SAN DIEGO,"San Diego, CA DMA"
CA,SAN FRANCISCO,"San Francisco - Oakland - San Jose, CA DMA"
CA,SAN JOAQUIN,"Sacramento - Stockton - Modesto, CA DMA"
CA,SAN LUIS OBISPO,"Santa Barbara - Santa Maria - San Luis Obispo, CA DMA"
CA,SAN MATEO,"San Francisco - Oakland - San Jose, CA DMA"
CA,SANTA BARBARA,"Santa Barbara - Santa Maria - San Luis Obispo, CA DMA"
CA,SANTA CLARA,"San Francisco - Oakland - San Jose, CA DMA"
CA,SANTA CRUZ,"Monterey - Salinas, CA DMA"
CA,SHASTA,"Chico - Redding, CA DMA"
CA,SIERRA,"Sacramento - Stockton - Modesto, CA DMA"
CA,SISKIYOU,"Medford - Klamath Falls, OR - CA DMA"
CA,SOLANO,"San Francisco - Oakland - San Jose, CA DMA"
CA,SONOMA,"San Francisco - Oakland - San Jose, CA DMA"
CA,STANISLAUS,"Sacramento - Stockton - Modesto, CA DMA"
CA,SUTTER,"Sacramento - Stockton - Modesto, CA DMA"
CA,TEHAMA,"Chico - Redding, CA DMA"
CA,TRINITY,"Chico - Redding, CA DMA"
CA,TULARE,"Fresno - Visalia, CA DMA"
CA,TUOLUMNE,"Sacramento - Stockton - Modesto, CA DMA"
CA,VENTURA,"Los Angeles, CA DMA"
CA,YOLO,"Sacramento - Stockton - Modesto, CA DMA"
CA,YUBA,"Sacramento - Stockton - Modesto, CA DMA"
CO,ADAMS,"Denver, CO - NE - NV - WY DMA"
CO,ALAMOSA,"Denver, CO - NE - NV - WY DMA"
CO,ARAPAHOE,"Denver, CO - NE - NV - WY DMA"
CO,ARCHULETA,"Denver, CO - NE - NV - WY DMA"
CO,BACA,"Colorado Springs - Pueblo, CO DMA"
CO,BENT,"Colorado Springs - Pueblo, CO DMA"
CO,BOULDER,"Denver, CO - NE - NV - WY DMA"
CO,CHAFFEE,"Denver, CO - NE - NV - WY DMA"
CO,CHEYENNE,"Colorado Springs - Pueblo, CO DMA"
CO,CLEAR CREEK,"Denver, CO - NE - NV - WY DMA"
CO,CONEJOS,"Denver, CO - NE - NV - WY DMA"
CO,COSTILLA,"Albuquerque - Santa Fe, NM - AZ - CO DMA"
CO,CROWLEY,"Colorado Springs - Pueblo, CO DMA"
CO,CUSTER,"Denver, CO - NE - NV - WY DMA"
CO,DELTA,"Denver, CO - NE - NV - WY DMA"
CO,DENVER,"Denver, CO - NE - NV - WY DMA"
CO,DOLORES,"Grand Junction - Montrose, CO DMA"
CO,DOUGLAS,"Denver, CO - NE - NV - WY DMA"
CO,EAGLE,"Denver, CO - NE - NV - WY DMA"
CO,ELBERT,"Denver, CO - NE - NV - WY DMA"
CO,EL PASO,"Colorado Springs - Pueblo, CO DMA"
CO,FREMONT,"Colorado Springs - Pueblo, CO DMA"
CO,GARFIELD,"Denver, CO - NE - NV - WY DMA"
CO,GILPIN,"Denver, CO - NE - NV - WY DMA"
CO,GRAND,"Denver, CO - NE - NV - WY DMA"
CO,GUNNISON,"Denver, CO - NE - NV - WY DMA"
CO,HINSDALE,"Denver, CO - NE - NV - WY DMA"
CO,HUERFANO,"Colorado Springs - Pueblo, CO DMA"
CO,JACKSON,"Denver, CO - NE - NV - WY DMA"
CO,JEFFERSON,"Denver, CO - NE - NV - WY DMA"
CO,KIOWA,"Colorado Springs - Pueblo, CO DMA"
CO,KIT CARSON,"Denver, CO - NE - NV - WY DMA"
CO,LAKE,"Denver, CO - NE - NV - WY DMA"
CO,LA PLATA,"Albuquerque - Santa Fe, NM - AZ - CO DMA"
CO,LARIMER,"Denver, CO - NE - NV - WY DMA"
CO,LAS ANIMAS,"Colorado Springs - Pueblo, CO DMA"
CO,LINCOLN,"Denver, CO - NE - NV - WY DMA"
CO,LOGAN,"Denver, CO - NE - NV - WY DMA"
CO,MESA,"Grand Junction - Montrose, CO DMA"
CO,MINERAL,"Denver, CO - NE - NV - WY DMA"
CO,MOFFAT,"Denver, CO - NE - NV - WY DMA"
CO,MONTEZUMA,"Albuquerque - Santa Fe, NM - AZ - CO DMA"
CO,MONTROSE,"Grand Junction - Montrose, CO DMA"
CO,MORGAN,"Denver, CO - NE - NV - WY DMA"
CO,OTERO,"Colorado Springs - Pueblo, CO DMA"
CO,OURAY,"Denver, CO - NE - NV - WY DMA"
CO,PARK,"Denver, CO - NE - NV - WY DMA"
CO,PHILLIPS,"Denver, CO - NE - NV - WY DMA"
CO,PITKIN,"Denver, CO - NE - NV - WY DMA"
CO,PROWERS,"Denver, CO - NE - NV - WY DMA"
CO,PUEBLO,"Colorado Springs - Pueblo, CO DMA"
CO,RIO BLANCO,"Denver, CO - NE - NV - WY DMA"
CO,RIO GRANDE,"Denver, CO - NE - NV - WY DMA"
CO,ROUTT,"Denver, CO - NE - NV - WY DMA"
CO,SAGUACHE,"Denver, CO - NE - NV - WY DMA"
CO,SAN JUAN,"Denver, CO - NE - NV - WY DMA"
CO,SAN MIGUEL,"Denver, CO - NE - NV - WY DMA"
CO,SEDGWICK,"Denver, CO - NE - NV - WY DMA"
CO,SUMMIT,"Denver, CO - NE - NV - WY DMA"
CO,TELLER,"Colorado Springs - Pueblo, CO DMA"
CO,WASHINGTON,"Denver, CO - NE - NV - WY DMA"
CO,WELD,"Denver, CO - NE - NV - WY DMA"
CO,YUMA,"Denver, CO - NE - NV - WY DMA"
CT,HARTFORD,"Hartford & New Haven, CT DMA"
CT,TOLLAND,"Hartford & New Haven, CT DMA"
CT,WINDHAM,"Hartford & New Haven, CT DMA"
CT,LITCHFIELD,"Hartford & New Haven, CT DMA"
CT,MIDDLESEX,"Hartford & New Haven, CT DMA"
CT,NEW LONDON,"Hartford & New Haven, CT DMA"
CT,FAIRFIELD,"New York, NY - CT - NJ - PA DMA"
CT,NEW HAVEN,"Hartford & New Haven, CT DMA"
DE,KENT,"Philadelphia, PA - DE - NJ DMA"
DE,NEW CASTLE,"Philadelphia, PA - DE - NJ DMA"
DE,SUSSEX,"Salisbury, MD - DE DMA"
FL,ALACHUA,"Gainesville, FL DMA"
FL,BAKER,"Jacksonville, FL - Brunswick, GA DMA"
FL,BAY,"Panama City, FL DMA"
FL,BRADFORD,"Jacksonville, FL - Brunswick, GA DMA"
FL,BREVARD,"Orlando - Daytona Beach - Melbourne, FL DMA"
FL,BROWARD,"Miami - Ft. Lauderdale, FL DMA"
FL,CALHOUN,"Panama City, FL DMA"
FL,CHARLOTTE,"Ft. Myers - Naples, FL DMA"
FL,CITRUS,"Tampa - St. Petersburg - Sarasota, FL DMA"
FL,CLAY,"Jacksonville, FL - Brunswick, GA DMA"
FL,COLLIER,"Ft. Myers - Naples, FL DMA"
FL,COLUMBIA,"Jacksonville, FL - Brunswick, GA DMA"
FL,DADE,"Miami - Ft. Lauderdale, FL DMA"
FL,DE SOTO,"Ft. Myers - Naples, FL DMA"
FL,DIXIE,"Gainesville, FL DMA"
FL,DUVAL,"Jacksonville, FL - Brunswick, GA DMA"
FL,ESCAMBIA,"Mobile, AL - Pensacola, FL - MS DMA"
FL,FLAGLER,"Orlando - Daytona Beach - Melbourne, FL DMA"
FL,FRANKLIN,"Panama City, FL DMA"
FL,GADSDEN,"Tallahassee - Thomasville, FL - GA DMA"
FL,GILCHRIST,"Gainesville, FL DMA"
FL,GLADES,"Ft. Myers - Naples, FL DMA"
FL,GULF,"Panama City, FL DMA"
FL,HAMILTON,"Tallahassee - Thomasville, FL - GA DMA"
FL,HARDEE,"Tampa - St. Petersburg - Sarasota, FL DMA"
FL,HENDRY,"Ft. Myers - Naples, FL DMA"
FL,HERNANDO,"Tampa - St. Petersburg - Sarasota, FL DMA"
FL,HIGHLANDS,"Tampa - St. Petersburg - Sarasota, FL DMA"
FL,HILLSBOROUGH,"Tampa - St. Petersburg - Sarasota, FL DMA"
FL,HOLMES,"Panama City, FL DMA"
FL,INDIAN RIVER,"West Palm Beach - Ft. Pierce, FL DMA"
FL,JACKSON,"Panama City, FL DMA"
FL,JEFFERSON,"Tallahassee - Thomasville, FL - GA DMA"
FL,LAFAYETTE,"Tallahassee - Thomasville, FL - GA DMA"
FL,LAKE,"Orlando - Daytona Beach - Melbourne, FL DMA"
FL,LEE,"Ft. Myers - Naples, FL DMA"
FL,LEON,"Tallahassee - Thomasville, FL - GA DMA"
FL,LEVY,"Gainesville, FL DMA"
FL,LIBERTY,"Panama City, FL DMA"
FL,MADISON,"Tallahassee - Thomasville, FL - GA DMA"
FL,MANATEE,"Tampa - St. Petersburg - Sarasota, FL DMA"
FL,MARION,"Orlando - Daytona Beach - Melbourne, FL DMA"
FL,MARTIN,"West Palm Beach - Ft. Pierce, FL DMA"
FL,MIAMI-DADE,"Miami - Ft. Lauderdale, FL DMA"
FL,MONROE,"Miami - Ft. Lauderdale, FL DMA"
FL,NASSAU,"Jacksonville, FL - Brunswick, GA DMA"
FL,OKALOOSA,"Mobile, AL - Pensacola, FL - MS DMA"
FL,OKEECHOBEE,"West Palm Beach - Ft. Pierce, FL DMA"
FL,ORANGE,"Orlando - Daytona Beach - Melbourne, FL DMA"
FL,OSCEOLA,"Orlando - Daytona Beach - Melbourne, FL DMA"
FL,PALM BEACH,"West Palm Beach - Ft. Pierce, FL DMA"
FL,PASCO,"Tampa - St. Petersburg - Sarasota, FL DMA"
FL,PINELLAS,"Tampa - St. Petersburg - Sarasota, FL DMA"
FL,POLK,"Tampa - St. Petersburg - Sarasota, FL DMA"
FL,PUTNAM,"Jacksonville, FL - Brunswick, GA DMA"
FL,ST. JOHNS,"Jacksonville, FL - Brunswick, GA DMA"
FL,ST. LUCIE,"West Palm Beach - Ft. Pierce, FL DMA"
FL,SANTA ROSA,"Mobile, AL - Pensacola, FL - MS DMA"
FL,SARASOTA,"Tampa - St. Petersburg - Sarasota, FL DMA"
FL,SEMINOLE,"Orlando - Daytona Beach - Melbourne, FL DMA"
FL,SUMTER,"Orlando - Daytona Beach - Melbourne, FL DMA"
FL,SUWANNEE,"Tallahassee - Thomasville, FL - GA DMA"
FL,TAYLOR,"Tallahassee - Thomasville, FL - GA DMA"
FL,UNION,"Jacksonville, FL - Brunswick, GA DMA"
FL,VOLUSIA,"Orlando - Daytona Beach - Melbourne, FL DMA"
FL,WAKULLA,"Tallahassee - Thomasville, FL - GA DMA"
FL,WALTON,"Panama City, FL DMA"
FL,WASHINGTON,"Panama City, FL DMA"
GA,APPLING,"Savannah, GA - SC DMA"
GA,ATKINSON,"Albany, GA DMA"
GA,BACON,"Savannah, GA - SC DMA"
GA,BAKER,"Albany, GA DMA"
GA,BALDWIN,"Macon, GA DMA"
GA,BANKS,"Atlanta, GA - AL - NC DMA"
GA,BARROW,"Atlanta, GA - AL - NC DMA"
GA,BARTOW,"Atlanta, GA - AL - NC DMA"
GA,BEN HILL,"Albany, GA DMA"
GA,BERRIEN,"Albany, GA DMA"
GA,BIBB,"Macon, GA DMA"
GA,BLECKLEY,"Macon, GA DMA"
GA,BRANTLEY,"Jacksonville, FL - Brunswick, GA DMA"
GA,BROOKS,"Tallahassee - Thomasville, FL - GA DMA"
GA,BRYAN,"Savannah, GA - SC DMA"
GA,BULLOCH,"Savannah, GA - SC DMA"
GA,BURKE,"Augusta, GA - SC DMA"
GA,BUTTS,"Atlanta, GA - AL - NC DMA"
GA,CALHOUN,"Albany, GA DMA"
GA,CAMDEN,"Jacksonville, FL - Brunswick, GA DMA"
GA,CANDLER,"Savannah, GA - SC DMA"
GA,CARROLL,"Atlanta, GA - AL - NC DMA"
GA,CATOOSA,"Chattanooga, TN - GA - NC DMA"
GA,CHARLTON,"Jacksonville, FL - Brunswick, GA DMA"
GA,CHATHAM,"Savannah, GA - SC DMA"
GA,CHATTAHOOCHEE,"Columbus, GA - AL DMA"
GA,CHATTOOGA,"Atlanta, GA - AL - NC DMA"
GA,CHEROKEE,"Atlanta, GA - AL - NC DMA"
GA,CLARKE,"Atlanta, GA - AL - NC DMA"
GA,CLAY,"Columbus, GA - AL DMA"
GA,CLAYTON,"Atlanta, GA - AL - NC DMA"
GA,CLINCH,"Tallahassee - Thomasville, FL - GA DMA"
GA,COBB,"Atlanta, GA - AL - NC DMA"
GA,COFFEE,"Albany, GA DMA"
GA,COLQUITT,"Albany, GA DMA"
GA,COLUMBIA,"Augusta, GA - SC DMA"
GA,COOK,"Albany, GA DMA"
GA,COWETA,"Atlanta, GA - AL - NC DMA"
GA,CRAWFORD,"Macon, GA DMA"
GA,CRISP,"Albany, GA DMA"
GA,DADE,"Chattanooga, TN - GA - NC DMA"
GA,DAWSON,"Atlanta, GA - AL - NC DMA"
GA,DECATUR,"Tallahassee - Thomasville, FL - GA DMA"
GA,DE KALB,"Atlanta, GA - AL - NC DMA"
GA,DODGE,"Macon, GA DMA"
GA,DOOLY,"Macon, GA DMA"
GA,DOUGHERTY,"Albany, GA DMA"
GA,DOUGLAS,"Atlanta, GA - AL - NC DMA"
GA,EARLY,"Dothan, AL - GA DMA"
GA,ECHOLS,"Tallahassee - Thomasville, FL - GA DMA"
GA,EFFINGHAM,"Savannah, GA - SC DMA"
GA,ELBERT,"Greenville - Spartanburg, SC- Asheville - And., NC - GA  DMA"
GA,EMANUEL,"Augusta, GA - SC DMA"
GA,EVANS,"Savannah, GA - SC DMA"
GA,FANNIN,"Chattanooga, TN - GA - NC DMA"
GA,FAYETTE,"Atlanta, GA - AL - NC DMA"
GA,FLOYD,"Atlanta, GA - AL - NC DMA"
GA,FORSYTH,"Atlanta, GA - AL - NC DMA"
GA,FRANKLIN,"Greenville - Spartanburg, SC- Asheville - And., NC - GA  DMA"
GA,FULTON,"Atlanta, GA - AL - NC DMA"
GA,GILMER,"Atlanta, GA - AL - NC DMA"
GA,GLASCOCK,"Augusta, GA - SC DMA"
GA,GLYNN,"Jacksonville, FL - Brunswick, GA DMA"
GA,GORDON,"Atlanta, GA - AL - NC DMA"
GA,GRADY,"Tallahassee - Thomasville, FL - GA DMA"
GA,GREENE,"Atlanta, GA - AL - NC DMA"
GA,GWINNETT,"Atlanta, GA - AL - NC DMA"
GA,HABERSHAM,"Atlanta, GA - AL - NC DMA"
GA,HALL,"Atlanta, GA - AL - NC DMA"
GA,HANCOCK,"Macon, GA DMA"
GA,HARALSON,"Atlanta, GA - AL - NC DMA"
GA,HARRIS,"Columbus, GA - AL DMA"
GA,HART,"Greenville - Spartanburg, SC- Asheville - And., NC - GA  DMA"
GA,HEARD,"Atlanta, GA - AL - NC DMA"
GA,HENRY,"Atlanta, GA - AL - NC DMA"
GA,HOUSTON,"Macon, GA DMA"
GA,IRWIN,"Albany, GA DMA"
GA,JACKSON,"Atlanta, GA - AL - NC DMA"
GA,JASPER,"Atlanta, GA - AL - NC DMA"
GA,JEFF DAVIS,"Savannah, GA - SC DMA"
GA,JEFFERSON,"Augusta, GA - SC DMA"
GA,JENKINS,"Augusta, GA - SC DMA"
GA,JOHNSON,"Macon, GA DMA"
GA,JONES,"Macon, GA DMA"
GA,LAMAR,"Atlanta, GA - AL - NC DMA"
GA,LANIER,"Tallahassee - Thomasville, FL - GA DMA"
GA,LAURENS,"Macon, GA DMA"
GA,LEE,"Albany, GA DMA"
GA,LIBERTY,"Savannah, GA - SC DMA"
GA,LINCOLN,"Augusta, GA - SC DMA"
GA,LONG,"Savannah, GA - SC DMA"
GA,LOWNDES,"Tallahassee - Thomasville, FL - GA DMA"
GA,LUMPKIN,"Atlanta, GA - AL - NC DMA"
GA,MCDUFFIE,"Augusta, GA - SC DMA"
GA,MCINTOSH,"Savannah, GA - SC DMA"
GA,MACON,"Macon, GA DMA"
GA,MADISON,"Atlanta, GA - AL - NC DMA"
GA,MARION,"Columbus, GA - AL DMA"
GA,MERIWETHER,"Atlanta, GA - AL - NC DMA"
GA,MILLER,"Tallahassee - Thomasville, FL - GA DMA"
GA,MITCHELL,"Albany, GA DMA"
GA,MONROE,"Macon, GA DMA"
GA,MONTGOMERY,"Savannah, GA - SC DMA"
GA,MORGAN,"Atlanta, GA - AL - NC DMA"
GA,MURRAY,"Chattanooga, TN - GA - NC DMA"
GA,MUSCOGEE,"Columbus, GA - AL DMA"
GA,NEWTON,"Atlanta, GA - AL - NC DMA"
GA,OCONEE,"Atlanta, GA - AL - NC DMA"
GA,OGLETHORPE,"Atlanta, GA - AL - NC DMA"
GA,PAULDING,"Atlanta, GA - AL - NC DMA"
GA,PEACH,"Macon, GA DMA"
GA,PICKENS,"Atlanta, GA - AL - NC DMA"
GA,PIERCE,"Jacksonville, FL - Brunswick, GA DMA"
GA,PIKE,"Atlanta, GA - AL - NC DMA"
GA,POLK,"Atlanta, GA - AL - NC DMA"
GA,PULASKI,"Macon, GA DMA"
GA,PUTNAM,"Atlanta, GA - AL - NC DMA"
GA,QUITMAN,"Columbus, GA - AL DMA"
GA,RABUN,"Atlanta, GA - AL - NC DMA"
GA,RANDOLPH,"Columbus, GA - AL DMA"
GA,RICHMOND,"Augusta, GA - SC DMA"
GA,ROCKDALE,"Atlanta, GA - AL - NC DMA"
GA,SCHLEY,"Columbus, GA - AL DMA"
GA,SCREVEN,"Savannah, GA - SC DMA"
GA,SEMINOLE,"Dothan, AL - GA DMA"
GA,SPALDING,"Atlanta, GA - AL - NC DMA"
GA,STEPHENS,"Greenville - Spartanburg, SC- Asheville - And., NC - GA  DMA"
GA,STEWART,"Columbus, GA - AL DMA"
GA,SUMTER,"Columbus, GA - AL DMA"
GA,TALBOT,"Columbus, GA - AL DMA"
GA,TALIAFERRO,"Augusta, GA - SC DMA"
GA,TATTNALL,"Savannah, GA - SC DMA"
GA,TAYLOR,"Columbus, GA - AL DMA"
GA,TELFAIR,"Macon, GA DMA"
GA,TERRELL,"Albany, GA DMA"
GA,THOMAS,"Tallahassee - Thomasville, FL - GA DMA"
GA,TIFT,"Albany, GA DMA"
GA,TOOMBS,"Savannah, GA - SC DMA"
GA,TOWNS,"Atlanta, GA - AL - NC DMA"
GA,TREUTLEN,"Macon, GA DMA"
GA,TROUP,"Atlanta, GA - AL - NC DMA"
GA,TURNER,"Albany, GA DMA"
GA,TWIGGS,"Macon, GA DMA"
GA,UNION,"Atlanta, GA - AL - NC DMA"
GA,UPSON,"Atlanta, GA - AL - NC DMA"
GA,WALKER,"Chattanooga, TN - GA - NC DMA"
GA,WALTON,"Atlanta, GA - AL - NC DMA"
GA,WARE,"Jacksonville, FL - Brunswick, GA DMA"
GA,WARREN,"Augusta, GA - SC DMA"
GA,WASHINGTON,"Macon, GA DMA"
GA,WAYNE,"Savannah, GA - SC DMA"
GA,WEBSTER,"Columbus, GA - AL DMA"
GA,WHEELER,"Macon, GA DMA"
GA,WHITE,"Atlanta, GA - AL - NC DMA"
GA,WHITFIELD,"Chattanooga, TN - GA - NC DMA"
GA,WILCOX,"Macon, GA DMA"
GA,WILKES,"Augusta, GA - SC DMA"
GA,WILKINSON,"Macon, GA DMA"
GA,WORTH,"Albany, GA DMA"
HI,HAWAII,"Honolulu, HI DMA"
HI,HONOLULU,"Honolulu, HI DMA"
HI,KAUAI,"Honolulu, HI DMA"
HI,MAUI,"Honolulu, HI DMA"
ID,ADA,"Boise, ID - OR DMA"
ID,ADAMS,"Boise, ID - OR DMA"
ID,BANNOCK,"Idaho Falls - Pocatello, ID - WY DMA"
ID,BEAR LAKE,"Salt Lake City, UT - ID - WY DMA"
ID,BENEWAH,"Spokane, WA - ID - MT - OR DMA"
ID,BINGHAM,"Idaho Falls - Pocatello, ID - WY DMA"
ID,BLAINE,"Twin Falls, ID DMA"
ID,BOISE,"Boise, ID - OR DMA"
ID,BONNER,"Spokane, WA - ID - MT - OR DMA"
ID,BONNEVILLE,"Idaho Falls - Pocatello, ID - WY DMA"
ID,BOUNDARY,"Spokane, WA - ID - MT - OR DMA"
ID,BUTTE,"Idaho Falls - Pocatello, ID - WY DMA"
ID,CAMAS,"Boise, ID - OR DMA"
ID,CANYON,"Boise, ID - OR DMA"
ID,CARIBOU,"Idaho Falls - Pocatello, ID - WY DMA"
ID,CASSIA,"Twin Falls, ID DMA"
ID,CLARK,"Idaho Falls - Pocatello, ID - WY DMA"
ID,CLEARWATER,"Spokane, WA - ID - MT - OR DMA"
ID,CUSTER,"Idaho Falls - Pocatello, ID - WY DMA"
ID,ELMORE,"Boise, ID - OR DMA"
ID,FRANKLIN,"Salt Lake City, UT - ID - WY DMA"
ID,FREMONT,"Idaho Falls - Pocatello, ID - WY DMA"
ID,GEM,"Boise, ID - OR DMA"
ID,GOODING,"Twin Falls, ID DMA"
ID,IDAHO,"Spokane, WA - ID - MT - OR DMA"
ID,JEFFERSON,"Idaho Falls - Pocatello, ID - WY DMA"
ID,JEROME,"Twin Falls, ID DMA"
ID,KOOTENAI,"Spokane, WA - ID - MT - OR DMA"
ID,LATAH,"Spokane, WA - ID - MT - OR DMA"
ID,LEMHI,"Idaho Falls - Pocatello, ID - WY DMA"
ID,LEWIS,"Spokane, WA - ID - MT - OR DMA"
ID,LINCOLN,"Twin Falls, ID DMA"
ID,MADISON,"Idaho Falls - Pocatello, ID - WY DMA"
ID,MINIDOKA,"Twin Falls, ID DMA"
ID,NEZ PERCE,"Spokane, WA - ID - MT - OR DMA"
ID,ONEIDA,"Salt Lake City, UT - ID - WY DMA"
ID,OWYHEE,"Boise, ID - OR DMA"
ID,PAYETTE,"Boise, ID - OR DMA"
ID,POWER,"Idaho Falls - Pocatello, ID - WY DMA"
ID,SHOSHONE,"Spokane, WA - ID - MT - OR DMA"
ID,TETON,"Idaho Falls - Pocatello, ID - WY DMA"
ID,TWIN FALLS,"Twin Falls, ID DMA"
ID,VALLEY,"Boise, ID - OR DMA"
ID,WASHINGTON,"Boise, ID - OR DMA"
IL,ADAMS,"Quincy - Hannibal - Keokuk, MO - IL - IA DMA"
IL,ALEXANDER,"Paducah - Cape Giradeau - Harrisburg, KY - IL - MO - TN DMA"
IL,BOND,"St. Louis, MO - IL DMA"
IL,BOONE,"Rockford, IL DMA"
IL,BROWN,"Quincy - Hannibal - Keokuk, MO - IL - IA DMA"
IL,BUREAU,"Davenport - Rock Island - Moline, IA - IL DMA"
IL,CALHOUN,"St. Louis, MO - IL DMA"
IL,CARROLL,"Davenport - Rock Island - Moline, IA - IL DMA"
IL,CASS,"Quincy - Hannibal - Keokuk, MO - IL - IA DMA"
IL,CHAMPAIGN,"Champaign - Springfield - Decatur, IL DMA"
IL,CHRISTIAN,"Champaign - Springfield - Decatur, IL DMA"
IL,CLARK,"Terre Haute, IN - IL DMA"
IL,CLAY,"Terre Haute, IN - IL DMA"
IL,CLINTON,"St. Louis, MO - IL DMA"
IL,COLES,"Champaign - Springfield - Decatur, IL DMA"
IL,COOK,"Chicago, IL - IN DMA"
IL,CRAWFORD,"Terre Haute, IN - IL DMA"
IL,CUMBERLAND,"Champaign - Springfield - Decatur, IL DMA"
IL,DE KALB,"Chicago, IL - IN DMA"
IL,DE WITT,"Champaign - Springfield - Decatur, IL DMA"
IL,DOUGLAS,"Champaign - Springfield - Decatur, IL DMA"
IL,DU PAGE,"Chicago, IL - IN DMA"
IL,EDGAR,"Terre Haute, IN - IL DMA"
IL,EDWARDS,"Evansville, IN - IL - KY DMA"
IL,EFFINGHAM,"Champaign - Springfield - Decatur, IL DMA"
IL,FAYETTE,"St. Louis, MO - IL DMA"
IL,FORD,"Champaign - Springfield - Decatur, IL DMA"
IL,FRANKLIN,"Paducah - Cape Giradeau - Harrisburg, KY - IL - MO - TN DMA"
IL,FULTON,"Peoria - Bloomington, IL DMA"
IL,GALLATIN,"Paducah - Cape Giradeau - Harrisburg, KY - IL - MO - TN DMA"
IL,GREENE,"St. Louis, MO - IL DMA"
IL,GRUNDY,"Chicago, IL - IN DMA"
IL,HAMILTON,"Paducah - Cape Giradeau - Harrisburg, KY - IL - MO - TN DMA"
IL,HANCOCK,"Quincy - Hannibal - Keokuk, MO - IL - IA DMA"
IL,HARDIN,"Paducah - Cape Giradeau - Harrisburg, KY - IL - MO - TN DMA"
IL,HENDERSON,"Davenport - Rock Island - Moline, IA - IL DMA"
IL,HENRY,"Davenport - Rock Island - Moline, IA - IL DMA"
IL,IROQUOIS,"Champaign - Springfield - Decatur, IL DMA"
IL,JACKSON,"Paducah - Cape Giradeau - Harrisburg, KY - IL - MO - TN DMA"
IL,JASPER,"Terre Haute, IN - IL DMA"
IL,JEFFERSON,"Paducah - Cape Giradeau - Harrisburg, KY - IL - MO - TN DMA"
IL,JERSEY,"St. Louis, MO - IL DMA"
IL,JO DAVIESS,"Davenport - Rock Island - Moline, IA - IL DMA"
IL,JOHNSON,"Paducah - Cape Giradeau - Harrisburg, KY - IL - MO - TN DMA"
IL,KANE,"Chicago, IL - IN DMA"
IL,KANKAKEE,"Chicago, IL - IN DMA"
IL,KENDALL,"Chicago, IL - IN DMA"
IL,KNOX,"Davenport - Rock Island - Moline, IA - IL DMA"
IL,LAKE,"Chicago, IL - IN DMA"
IL,LA SALLE,"Chicago, IL - IN DMA"
IL,LAWRENCE,"Terre Haute, IN - IL DMA"
IL,LEE,"Rockford, IL DMA"
IL,LIVINGSTON,"Peoria - Bloomington, IL DMA"
IL,LOGAN,"Champaign - Springfield - Decatur, IL DMA"
IL,MCDONOUGH,"Quincy - Hannibal - Keokuk, MO - IL - IA DMA"
IL,MCHENRY,"Chicago, IL - IN DMA"
IL,MCLEAN,"Peoria - Bloomington, IL DMA"
IL,MACON,"Champaign - Springfield - Decatur, IL DMA"
IL,MACOUPIN,"St. Louis, MO - IL DMA"
IL,MADISON,"St. Louis, MO - IL DMA"
IL,MARION,"St. Louis, MO - IL DMA"
IL,MARSHALL,"Peoria - Bloomington, IL DMA"
IL,MASON,"Peoria - Bloomington, IL DMA"
IL,MASSAC,"Paducah - Cape Giradeau - Harrisburg, KY - IL - MO - TN DMA"
IL,MENARD,"Champaign - Springfield - Decatur, IL DMA"
IL,MERCER,"Davenport - Rock Island - Moline, IA - IL DMA"
IL,MONROE,"St. Louis, MO - IL DMA"
IL,MONTGOMERY,"St. Louis, MO - IL DMA"
IL,MORGAN,"Champaign - Springfield - Decatur, IL DMA"
IL,MOULTRIE,"Champaign - Springfield - Decatur, IL DMA"
IL,OGLE,"Rockford, IL DMA"
IL,PEORIA,"Peoria - Bloomington, IL DMA"
IL,PERRY,"Paducah - Cape Giradeau - Harrisburg, KY - IL - MO - TN DMA"
IL,PIATT,"Champaign - Springfield - Decatur, IL DMA"
IL,PIKE,"Quincy - Hannibal - Keokuk, MO - IL - IA DMA"
IL,POPE,"Paducah - Cape Giradeau - Harrisburg, KY - IL - MO - TN DMA"
IL,PULASKI,"Paducah - Cape Giradeau - Harrisburg, KY - IL - MO - TN DMA"
IL,PUTNAM,"Peoria - Bloomington, IL DMA"
IL,RANDOLPH,"St. Louis, MO - IL DMA"
IL,RICHLAND,"Terre Haute, IN - IL DMA"
IL,ROCK ISLAND,"Davenport - Rock Island - Moline, IA - IL DMA"
IL,ST CLAIR,"St. Louis, MO - IL DMA"
IL,SALINE,"Paducah - Cape Giradeau - Harrisburg, KY - IL - MO - TN DMA"
IL,SANGAMON,"Champaign - Springfield - Decatur, IL DMA"
IL,SCHUYLER,"Quincy - Hannibal - Keokuk, MO - IL - IA DMA"
IL,SCOTT,"Quincy - Hannibal - Keokuk, MO - IL - IA DMA"
IL,SHELBY,"Champaign - Springfield - Decatur, IL DMA"
IL,STARK,"Peoria - Bloomington, IL DMA"
IL,STEPHENSON,"Rockford, IL DMA"
IL,TAZEWELL,"Peoria - Bloomington, IL DMA"
IL,UNION,"Paducah - Cape Giradeau - Harrisburg, KY - IL - MO - TN DMA"
IL,VERMILION,"Champaign - Springfield - Decatur, IL DMA"
IL,WABASH,"Evansville, IN - IL - KY DMA"
IL,WARREN,"Davenport - Rock Island - Moline, IA - IL DMA"
IL,WASHINGTON,"St. Louis, MO - IL DMA"
IL,WAYNE,"Evansville, IN - IL - KY DMA"
IL,WHITE,"Evansville, IN - IL - KY DMA"
IL,WHITESIDE,"Davenport - Rock Island - Moline, IA - IL DMA"
IL,WILL,"Chicago, IL - IN DMA"
IL,WILLIAMSON,"Paducah - Cape Giradeau - Harrisburg, KY - IL - MO - TN DMA"
IL,WINNEBAGO,"Rockford, IL DMA"
IL,WOODFORD,"Peoria - Bloomington, IL DMA"
IN,ADAMS,"Ft. Wayne, IN - OH DMA"
IN,ALLEN,"Ft. Wayne, IN - OH DMA"
IN,BARTHOLOMEW,"Indianapolis, IN DMA"
IN,BENTON,"Indianapolis, IN DMA"
IN,BLACKFORD,"Indianapolis, IN DMA"
IN,BOONE,"Indianapolis, IN DMA"
IN,BROWN,"Indianapolis, IN DMA"
IN,CARROLL,"Indianapolis, IN DMA"
IN,CASS,"Indianapolis, IN DMA"
IN,CLARK,"Louisville, KY - IN DMA"
IN,CLAY,"Terre Haute, IN - IL DMA"
IN,CLINTON,"Indianapolis, IN DMA"
IN,CRAWFORD,"Louisville, KY - IN DMA"
IN,DAVIESS,"Terre Haute, IN - IL DMA"
IN,DEARBORN,"Cincinnati, OH -IN - KY DMA"
IN,DECATUR,"Indianapolis, IN DMA"
IN,DE KALB,"Ft. Wayne, IN - OH DMA"
IN,DELAWARE,"Indianapolis, IN DMA"
IN,DUBOIS,"Evansville, IN - IL - KY DMA"
IN,ELKHART,"South Bend - Elkhart, IN - MI DMA"
IN,FAYETTE,"Indianapolis, IN DMA"
IN,FLOYD,"Louisville, KY - IN DMA"
IN,FOUNTAIN,"Indianapolis, IN DMA"
IN,FRANKLIN,"Cincinnati, OH -IN - KY DMA"
IN,FULTON,"South Bend - Elkhart, IN - MI DMA"
IN,GIBSON,"Evansville, IN - IL - KY DMA"
IN,GRANT,"Indianapolis, IN DMA"
IN,GREENE,"Terre Haute, IN - IL DMA"
IN,HAMILTON,"Indianapolis, IN DMA"
IN,HANCOCK,"Indianapolis, IN DMA"
IN,HARRISON,"Louisville, KY - IN DMA"
IN,HENDRICKS,"Indianapolis, IN DMA"
IN,HENRY,"Indianapolis, IN DMA"
IN,HOWARD,"Indianapolis, IN DMA"
IN,HUNTINGTON,"Ft. Wayne, IN - OH DMA"
IN,JACKSON,"Louisville, KY - IN DMA"
IN,JASPER,"Chicago, IL - IN DMA"
IN,JAY,"Ft. Wayne, IN - OH DMA"
IN,JEFFERSON,"Louisville, KY - IN DMA"
IN,JENNINGS,"Louisville, KY - IN DMA"
IN,JOHNSON,"Indianapolis, IN DMA"
IN,KNOX,"Terre Haute, IN - IL DMA"
IN,KOSCIUSKO,"South Bend - Elkhart, IN - MI DMA"
IN,LAGRANGE,"South Bend - Elkhart, IN - MI DMA"
IN,LAKE,"Chicago, IL - IN DMA"
IN,LA PORTE,"Chicago, IL - IN DMA"
IN,LAWRENCE,"Indianapolis, IN DMA"
IN,MADISON,"Indianapolis, IN DMA"
IN,MARION,"Indianapolis, IN DMA"
IN,MARSHALL,"South Bend - Elkhart, IN - MI DMA"
IN,MARTIN,"Terre Haute, IN - IL DMA"
IN,MIAMI,"Indianapolis, IN DMA"
IN,MONROE,"Indianapolis, IN DMA"
IN,MONTGOMERY,"Indianapolis, IN DMA"
IN,MORGAN,"Indianapolis, IN DMA"
IN,NEWTON,"Chicago, IL - IN DMA"
IN,NOBLE,"Ft. Wayne, IN - OH DMA"
IN,OHIO,"Cincinnati, OH -IN - KY DMA"
IN,ORANGE,"Louisville, KY - IN DMA"
IN,OWEN,"Indianapolis, IN DMA"
IN,PARKE,"Terre Haute, IN - IL DMA"
IN,PERRY,"Evansville, IN - IL - KY DMA"
IN,PIKE,"Evansville, IN - IL - KY DMA"
IN,PORTER,"Chicago, IL - IN DMA"
IN,POSEY,"Evansville, IN - IL - KY DMA"
IN,PULASKI,"South Bend - Elkhart, IN - MI DMA"
IN,PUTNAM,"Indianapolis, IN DMA"
IN,RANDOLPH,"Indianapolis, IN DMA"
IN,RIPLEY,"Cincinnati, OH -IN - KY DMA"
IN,RUSH,"Indianapolis, IN DMA"
IN,ST JOSEPH,"South Bend - Elkhart, IN - MI DMA"
IN,SCOTT,"Louisville, KY - IN DMA"
IN,SHELBY,"Indianapolis, IN DMA"
IN,SPENCER,"Evansville, IN - IL - KY DMA"
IN,STARKE,"South Bend - Elkhart, IN - MI DMA"
IN,STEUBEN,"Ft. Wayne, IN - OH DMA"
IN,SULLIVAN,"Terre Haute, IN - IL DMA"
IN,SWITZERLAND,"Cincinnati, OH -IN - KY DMA"
IN,TIPPECANOE,"Lafayette, IN DMA"
IN,TIPTON,"Indianapolis, IN DMA"
IN,UNION,"Cincinnati, OH -IN - KY DMA"
IN,VANDERBURGH,"Evansville, IN - IL - KY DMA"
IN,VERMILLION,"Terre Haute, IN - IL DMA"
IN,VIGO,"Terre Haute, IN - IL DMA"
IN,WABASH,"Ft. Wayne, IN - OH DMA"
IN,WARREN,"Lafayette, IN DMA"
IN,WARRICK,"Evansville, IN - IL - KY DMA"
IN,WASHINGTON,"Louisville, KY - IN DMA"
IN,WAYNE,"Dayton, OH - IN DMA"
IN,WELLS,"Ft. Wayne, IN - OH DMA"
IN,WHITE,"Indianapolis, IN DMA"
IN,WHITLEY,"Ft. Wayne, IN - OH DMA"
IA,ADAIR,"Des Moines - Ames, IA - MO DMA"
IA,ADAMS,"Omaha, NE - IA - MO DMA"
IA,ALLAMAKEE,"Cedar Rapids - Waterloo&Dubuque, IA - WI DMA"
IA,APPANOOSE,"Des Moines - Ames, IA - MO DMA"
IA,AUDUBON,"Des Moines - Ames, IA - MO DMA"
IA,BENTON,"Cedar Rapids - Waterloo&Dubuque, IA - WI DMA"
IA,BLACK HAWK,"Cedar Rapids - Waterloo&Dubuque, IA - WI DMA"
IA,BOONE,"Des Moines - Ames, IA - MO DMA"
IA,BREMER,"Cedar Rapids - Waterloo&Dubuque, IA - WI DMA"
IA,BUCHANAN,"Cedar Rapids - Waterloo&Dubuque, IA - WI DMA"
IA,BUENA VISTA,"Sioux City, IA - NE - SD DMA"
IA,BUTLER,"Cedar Rapids - Waterloo&Dubuque, IA - WI DMA"
IA,CALHOUN,"Des Moines - Ames, IA - MO DMA"
IA,CARROLL,"Des Moines - Ames, IA - MO DMA"
IA,CASS,"Omaha, NE - IA - MO DMA"
IA,CEDAR,"Cedar Rapids - Waterloo&Dubuque, IA - WI DMA"
IA,CERRO GORDO,"Rochester - Mason City - Austin, MN - IA DMA"
IA,CHEROKEE,"Sioux City, IA - NE - SD DMA"
IA,CHICKASAW,"Cedar Rapids - Waterloo&Dubuque, IA - WI DMA"
IA,CLARKE,"Des Moines - Ames, IA - MO DMA"
IA,CLAY,"Sioux City, IA - NE - SD DMA"
IA,CLAYTON,"Cedar Rapids - Waterloo&Dubuque, IA - WI DMA"
IA,CLINTON,"Davenport - Rock Island - Moline, IA - IL DMA"
IA,CRAWFORD,"Omaha, NE - IA - MO DMA"
IA,DALLAS,"Des Moines - Ames, IA - MO DMA"
IA,DAVIS,"Ottumwa - Kirksville, IA - MO DMA"
IA,DECATUR,"Des Moines - Ames, IA - MO DMA"
IA,DELAWARE,"Cedar Rapids - Waterloo&Dubuque, IA - WI DMA"
IA,DES MOINES,"Davenport - Rock Island - Moline, IA - IL DMA"
IA,DICKINSON,"Sioux City, IA - NE - SD DMA"
IA,DUBUQUE,"Cedar Rapids - Waterloo&Dubuque, IA - WI DMA"
IA,EMMET,"Mankato, MN - IA DMA"
IA,FAYETTE,"Cedar Rapids - Waterloo&Dubuque, IA - WI DMA"
IA,FLOYD,"Rochester - Mason City - Austin, MN - IA DMA"
IA,FRANKLIN,"Des Moines - Ames, IA - MO DMA"
IA,FREMONT,"Omaha, NE - IA - MO DMA"
IA,GREENE,"Des Moines - Ames, IA - MO DMA"
IA,GRUNDY,"Cedar Rapids - Waterloo&Dubuque, IA - WI DMA"
IA,GUTHRIE,"Des Moines - Ames, IA - MO DMA"
IA,HAMILTON,"Des Moines - Ames, IA - MO DMA"
IA,HANCOCK,"Rochester - Mason City - Austin, MN - IA DMA"
IA,HARDIN,"Des Moines - Ames, IA - MO DMA"
IA,HARRISON,"Omaha, NE - IA - MO DMA"
IA,HENRY,"Davenport - Rock Island - Moline, IA - IL DMA"
IA,HOWARD,"Rochester - Mason City - Austin, MN - IA DMA"
IA,HUMBOLDT,"Des Moines - Ames, IA - MO DMA"
IA,IDA,"Sioux City, IA - NE - SD DMA"
IA,IOWA,"Cedar Rapids - Waterloo&Dubuque, IA - WI DMA"
IA,JACKSON,"Davenport - Rock Island - Moline, IA - IL DMA"
IA,JASPER,"Des Moines - Ames, IA - MO DMA"
IA,JEFFERSON,"Ottumwa - Kirksville, IA - MO DMA"
IA,JOHNSON,"Cedar Rapids - Waterloo&Dubuque, IA - WI DMA"
IA,JONES,"Cedar Rapids - Waterloo&Dubuque, IA - WI DMA"
IA,KEOKUK,"Cedar Rapids - Waterloo&Dubuque, IA - WI DMA"
IA,KOSSUTH,"Des Moines - Ames, IA - MO DMA"
IA,LEE,"Quincy - Hannibal - Keokuk, MO - IL - IA DMA"
IA,LINN,"Cedar Rapids - Waterloo&Dubuque, IA - WI DMA"
IA,LOUISA,"Davenport - Rock Island - Moline, IA - IL DMA"
IA,LUCAS,"Des Moines - Ames, IA - MO DMA"
IA,LYON,"Sioux Falls (Mitchell), SD - IA - MN - NE DMA"
IA,MADISON,"Des Moines - Ames, IA - MO DMA"
IA,MAHASKA,"Des Moines - Ames, IA - MO DMA"
IA,MARION,"Des Moines - Ames, IA - MO DMA"
IA,MARSHALL,"Des Moines - Ames, IA - MO DMA"
IA,MILLS,"Omaha, NE - IA - MO DMA"
IA,MITCHELL,"Rochester - Mason City - Austin, MN - IA DMA"
IA,MONONA,"Sioux City, IA - NE - SD DMA"
IA,MONROE,"Des Moines - Ames, IA - MO DMA"
IA,MONTGOMERY,"Omaha, NE - IA - MO DMA"
IA,MUSCATINE,"Davenport - Rock Island - Moline, IA - IL DMA"
IA,O BRIEN,"Sioux City, IA - NE - SD DMA"
IA,OSCEOLA,"Sioux Falls (Mitchell), SD - IA - MN - NE DMA"
IA,PAGE,"Omaha, NE - IA - MO DMA"
IA,PALO ALTO,"Sioux City, IA - NE - SD DMA"
IA,PLYMOUTH,"Sioux City, IA - NE - SD DMA"
IA,POCAHONTAS,"Des Moines - Ames, IA - MO DMA"
IA,POLK,"Des Moines - Ames, IA - MO DMA"
IA,POTTAWATTAMIE,"Omaha, NE - IA - MO DMA"
IA,POWESHIEK,"Des Moines - Ames, IA - MO DMA"
IA,RINGGOLD,"Des Moines - Ames, IA - MO DMA"
IA,SAC,"Sioux City, IA - NE - SD DMA"
IA,SCOTT,"Davenport - Rock Island - Moline, IA - IL DMA"
IA,SHELBY,"Omaha, NE - IA - MO DMA"
IA,SIOUX,"Sioux City, IA - NE - SD DMA"
IA,STORY,"Des Moines - Ames, IA - MO DMA"
IA,TAMA,"Cedar Rapids - Waterloo&Dubuque, IA - WI DMA"
IA,TAYLOR,"Des Moines - Ames, IA - MO DMA"
IA,UNION,"Des Moines - Ames, IA - MO DMA"
IA,VAN BUREN,"Ottumwa - Kirksville, IA - MO DMA"
IA,WAPELLO,"Ottumwa - Kirksville, IA - MO DMA"
IA,WARREN,"Des Moines - Ames, IA - MO DMA"
IA,WASHINGTON,"Cedar Rapids - Waterloo&Dubuque, IA - WI DMA"
IA,WAYNE,"Des Moines - Ames, IA - MO DMA"
IA,WEBSTER,"Des Moines - Ames, IA - MO DMA"
IA,WINNEBAGO,"Rochester - Mason City - Austin, MN - IA DMA"
IA,WINNESHIEK,"Cedar Rapids - Waterloo&Dubuque, IA - WI DMA"
IA,WOODBURY,"Sioux City, IA - NE - SD DMA"
IA,WORTH,"Rochester - Mason City - Austin, MN - IA DMA"
IA,WRIGHT,"Des Moines - Ames, IA - MO DMA"
KS,ALLEN,"Joplin - Pittsburg, MO - KS - OK DMA"
KS,ANDERSON,"Kansas City, MO - KS DMA"
KS,ATCHISON,"Kansas City, MO - KS DMA"
KS,BARBER,"Wichita - Hutchinson Plus, KS - NE DMA"
KS,BARTON,"Wichita - Hutchinson Plus, KS - NE DMA"
KS,BOURBON,"Joplin - Pittsburg, MO - KS - OK DMA"
KS,BROWN,"Topeka, KS DMA"
KS,BUTLER,"Wichita - Hutchinson Plus, KS - NE DMA"
KS,CHASE,"Wichita - Hutchinson Plus, KS - NE DMA"
KS,CHAUTAUQUA,"Tulsa, OK - KS DMA"
KS,CHEROKEE,"Joplin - Pittsburg, MO - KS - OK DMA"
KS,CHEYENNE,"Wichita - Hutchinson Plus, KS - NE DMA"
KS,CLARK,"Wichita - Hutchinson Plus, KS - NE DMA"
KS,CLAY,"Topeka, KS DMA"
KS,CLOUD,"Topeka, KS DMA"
KS,COFFEY,"Topeka, KS DMA"
KS,COMANCHE,"Wichita - Hutchinson Plus, KS - NE DMA"
KS,COWLEY,"Wichita - Hutchinson Plus, KS - NE DMA"
KS,CRAWFORD,"Joplin - Pittsburg, MO - KS - OK DMA"
KS,DECATUR,"Wichita - Hutchinson Plus, KS - NE DMA"
KS,DICKINSON,"Wichita - Hutchinson Plus, KS - NE DMA"
KS,DONIPHAN,"St. Joseph, MO - KS DMA"
KS,DOUGLAS,"Kansas City, MO - KS DMA"
KS,EDWARDS,"Wichita - Hutchinson Plus, KS - NE DMA"
KS,ELK,"Wichita - Hutchinson Plus, KS - NE DMA"
KS,ELLIS,"Wichita - Hutchinson Plus, KS - NE DMA"
KS,ELLSWORTH,"Wichita - Hutchinson Plus, KS - NE DMA"
KS,FINNEY,"Wichita - Hutchinson Plus, KS - NE DMA"
KS,FORD,"Wichita - Hutchinson Plus, KS - NE DMA"
KS,FRANKLIN,"Kansas City, MO - KS DMA"
KS,GEARY,"Topeka, KS DMA"
KS,GOVE,"Wichita - Hutchinson Plus, KS - NE DMA"
KS,GRAHAM,"Wichita - Hutchinson Plus, KS - NE DMA"
KS,GRANT,"Wichita - Hutchinson Plus, KS - NE DMA"
KS,GRAY,"Wichita - Hutchinson Plus, KS - NE DMA"
KS,GREELEY,"Wichita - Hutchinson Plus, KS - NE DMA"
KS,GREENWOOD,"Wichita - Hutchinson Plus, KS - NE DMA"
KS,HAMILTON,"Wichita - Hutchinson Plus, KS - NE DMA"
KS,HARPER,"Wichita - Hutchinson Plus, KS - NE DMA"
KS,HARVEY,"Wichita - Hutchinson Plus, KS - NE DMA"
KS,HASKELL,"Wichita - Hutchinson Plus, KS - NE DMA"
KS,HODGEMAN,"Wichita - Hutchinson Plus, KS - NE DMA"
KS,JACKSON,"Topeka, KS DMA"
KS,JEFFERSON,"Topeka, KS DMA"
KS,JEWELL,"Lincoln & Hastings - Kearney Plus, NE - KS DMA"
KS,JOHNSON,"Kansas City, MO - KS DMA"
KS,KEARNY,"Wichita - Hutchinson Plus, KS - NE DMA"
KS,KINGMAN,"Wichita - Hutchinson Plus, KS - NE DMA"
KS,KIOWA,"Wichita - Hutchinson Plus, KS - NE DMA"
KS,LABETTE,"Joplin - Pittsburg, MO - KS - OK DMA"
KS,LANE,"Wichita - Hutchinson Plus, KS - NE DMA"
KS,LEAVENWORTH,"Kansas City, MO - KS DMA"
KS,LINCOLN,"Wichita - Hutchinson Plus, KS - NE DMA"
KS,LINN,"Kansas City, MO - KS DMA"
KS,LOGAN,"Wichita - Hutchinson Plus, KS - NE DMA"
KS,LYON,"Topeka, KS DMA"
KS,MCPHERSON,"Wichita - Hutchinson Plus, KS - NE DMA"
KS,MARION,"Wichita - Hutchinson Plus, KS - NE DMA"
KS,MARSHALL,"Topeka, KS DMA"
KS,MEADE,"Wichita - Hutchinson Plus, KS - NE DMA"
KS,MIAMI,"Kansas City, MO - KS DMA"
KS,MITCHELL,"Wichita - Hutchinson Plus, KS - NE DMA"
KS,MONTGOMERY,"Tulsa, OK - KS DMA"
KS,MORRIS,"Topeka, KS DMA"
KS,MORTON,"Amarillo, TX -NM - OK DMA"
KS,NEMAHA,"Topeka, KS DMA"
KS,NEOSHO,"Joplin - Pittsburg, MO - KS - OK DMA"
KS,NESS,"Wichita - Hutchinson Plus, KS - NE DMA"
KS,NORTON,"Wichita - Hutchinson Plus, KS - NE DMA"
KS,OSAGE,"Topeka, KS DMA"
KS,OSBORNE,"Wichita - Hutchinson Plus, KS - NE DMA"
KS,OTTAWA,"Wichita - Hutchinson Plus, KS - NE DMA"
KS,PAWNEE,"Wichita - Hutchinson Plus, KS - NE DMA"
KS,PHILLIPS,"Lincoln & Hastings - Kearney Plus, NE - KS DMA"
KS,POTTAWATOMIE,"Topeka, KS DMA"
KS,PRATT,"Wichita - Hutchinson Plus, KS - NE DMA"
KS,RAWLINS,"Wichita - Hutchinson Plus, KS - NE DMA"
KS,RENO,"Wichita - Hutchinson Plus, KS - NE DMA"
KS,REPUBLIC,"Lincoln & Hastings - Kearney Plus, NE - KS DMA"
KS,RICE,"Wichita - Hutchinson Plus, KS - NE DMA"
KS,RILEY,"Topeka, KS DMA"
KS,ROOKS,"Wichita - Hutchinson Plus, KS - NE DMA"
KS,RUSH,"Wichita - Hutchinson Plus, KS - NE DMA"
KS,RUSSELL,"Wichita - Hutchinson Plus, KS - NE DMA"
KS,SALINE,"Wichita - Hutchinson Plus, KS - NE DMA"
KS,SCOTT,"Wichita - Hutchinson Plus, KS - NE DMA"
KS,SEDGWICK,"Wichita - Hutchinson Plus, KS - NE DMA"
KS,SEWARD,"Wichita - Hutchinson Plus, KS - NE DMA"
KS,SHAWNEE,"Topeka, KS DMA"
KS,SHERIDAN,"Wichita - Hutchinson Plus, KS - NE DMA"
KS,SHERMAN,"Wichita - Hutchinson Plus, KS - NE DMA"
KS,SMITH,"Lincoln & Hastings - Kearney Plus, NE - KS DMA"
KS,STAFFORD,"Wichita - Hutchinson Plus, KS - NE DMA"
KS,STANTON,"Wichita - Hutchinson Plus, KS - NE DMA"
KS,STEVENS,"Wichita - Hutchinson Plus, KS - NE DMA"
KS,SUMNER,"Wichita - Hutchinson Plus, KS - NE DMA"
KS,THOMAS,"Wichita - Hutchinson Plus, KS - NE DMA"
KS,TREGO,"Wichita - Hutchinson Plus, KS - NE DMA"
KS,WABAUNSEE,"Topeka, KS DMA"
KS,WALLACE,"Wichita - Hutchinson Plus, KS - NE DMA"
KS,WASHINGTON,"Topeka, KS DMA"
KS,WICHITA,"Wichita - Hutchinson Plus, KS - NE DMA"
KS,WILSON,"Joplin - Pittsburg, MO - KS - OK DMA"
KS,WOODSON,"Joplin - Pittsburg, MO - KS - OK DMA"
KS,WYANDOTTE,"Kansas City, MO - KS DMA"
KY,ADAIR,"Bowling Green, KY DMA"
KY,ALLEN,"Nashville, TN - KY DMA"
KY,ANDERSON,"Lexington, KY DMA"
KY,BALLARD,"Paducah - Cape Giradeau - Harrisburg, KY - IL - MO - TN DMA"
KY,BARREN,"Bowling Green, KY DMA"
KY,BATH,"Lexington, KY DMA"
KY,BELL,"Knoxville, TN - KY DMA"
KY,BOONE,"Cincinnati, OH -IN - KY DMA"
KY,BOURBON,"Lexington, KY DMA"
KY,BOYD,"Charleston - Huntington, WV - KY - OH DMA"
KY,BOYLE,"Lexington, KY DMA"
KY,BRACKEN,"Cincinnati, OH -IN - KY DMA"
KY,BREATHITT,"Lexington, KY DMA"
KY,BRECKINRIDGE,"Louisville, KY - IN DMA"
KY,BULLITT,"Louisville, KY - IN DMA"
KY,BUTLER,"Bowling Green, KY DMA"
KY,CALDWELL,"Paducah - Cape Giradeau - Harrisburg, KY - IL - MO - TN DMA"
KY,CALLOWAY,"Paducah - Cape Giradeau - Harrisburg, KY - IL - MO - TN DMA"
KY,CAMPBELL,"Cincinnati, OH -IN - KY DMA"
KY,CARLISLE,"Paducah - Cape Giradeau - Harrisburg, KY - IL - MO - TN DMA"
KY,CARROLL,"Louisville, KY - IN DMA"
KY,CARTER,"Charleston - Huntington, WV - KY - OH DMA"
KY,CASEY,"Lexington, KY DMA"
KY,CHRISTIAN,"Nashville, TN - KY DMA"
KY,CLARK,"Lexington, KY DMA"
KY,CLAY,"Lexington, KY DMA"
KY,CLINTON,"Nashville, TN - KY DMA"
KY,CRITTENDEN,"Paducah - Cape Giradeau - Harrisburg, KY - IL - MO - TN DMA"
KY,CUMBERLAND,"Bowling Green, KY DMA"
KY,DAVIESS,"Evansville, IN - IL - KY DMA"
KY,EDMONSON,"Bowling Green, KY DMA"
KY,ELLIOTT,"Charleston - Huntington, WV - KY - OH DMA"
KY,ESTILL,"Lexington, KY DMA"
KY,FAYETTE,"Lexington, KY DMA"
KY,FLEMING,"Lexington, KY DMA"
KY,FLOYD,"Charleston - Huntington, WV - KY - OH DMA"
KY,FRANKLIN,"Lexington, KY DMA"
KY,FULTON,"Paducah - Cape Giradeau - Harrisburg, KY - IL - MO - TN DMA"
KY,GALLATIN,"Cincinnati, OH -IN - KY DMA"
KY,GARRARD,"Lexington, KY DMA"
KY,GRANT,"Cincinnati, OH -IN - KY DMA"
KY,GRAVES,"Paducah - Cape Giradeau - Harrisburg, KY - IL - MO - TN DMA"
KY,GRAYSON,"Louisville, KY - IN DMA"
KY,GREEN,"Louisville, KY - IN DMA"
KY,GREENUP,"Charleston - Huntington, WV - KY - OH DMA"
KY,HANCOCK,"Evansville, IN - IL - KY DMA"
KY,HARDIN,"Louisville, KY - IN DMA"
KY,HARLAN,"Knoxville, TN - KY DMA"
KY,HARRISON,"Lexington, KY DMA"
KY,HART,"Bowling Green, KY DMA"
KY,HENDERSON,"Evansville, IN - IL - KY DMA"
KY,HENRY,"Louisville, KY - IN DMA"
KY,HICKMAN,"Paducah - Cape Giradeau - Harrisburg, KY - IL - MO - TN DMA"
KY,HOPKINS,"Evansville, IN - IL - KY DMA"
KY,JACKSON,"Lexington, KY DMA"
KY,JEFFERSON,"Louisville, KY - IN DMA"
KY,JESSAMINE,"Lexington, KY DMA"
KY,JOHNSON,"Charleston - Huntington, WV - KY - OH DMA"
KY,KENTON,"Cincinnati, OH -IN - KY DMA"
KY,KNOTT,"Lexington, KY DMA"
KY,KNOX,"Lexington, KY DMA"
KY,LARUE,"Louisville, KY - IN DMA"
KY,LAUREL,"Lexington, KY DMA"
KY,LAWRENCE,"Charleston - Huntington, WV - KY - OH DMA"
KY,LEE,"Lexington, KY DMA"
KY,LESLIE,"Tri - Cities, TN - VA - KY DMA"
KY,LETCHER,"Tri - Cities, TN - VA - KY DMA"
KY,LEWIS,"Charleston - Huntington, WV - KY - OH DMA"
KY,LINCOLN,"Lexington, KY DMA"
KY,LIVINGSTON,"Paducah - Cape Giradeau - Harrisburg, KY - IL - MO - TN DMA"
KY,LOGAN,"Nashville, TN - KY DMA"
KY,LYON,"Paducah - Cape Giradeau - Harrisburg, KY - IL - MO - TN DMA"
KY,MCCRACKEN,"Paducah - Cape Giradeau - Harrisburg, KY - IL - MO - TN DMA"
KY,MCCREARY,"Knoxville, TN - KY DMA"
KY,MCLEAN,"Evansville, IN - IL - KY DMA"
KY,MADISON,"Lexington, KY DMA"
KY,MAGOFFIN,"Charleston - Huntington, WV - KY - OH DMA"
KY,MARION,"Louisville, KY - IN DMA"
KY,MARSHALL,"Paducah - Cape Giradeau - Harrisburg, KY - IL - MO - TN DMA"
KY,MARTIN,"Charleston - Huntington, WV - KY - OH DMA"
KY,MASON,"Cincinnati, OH -IN - KY DMA"
KY,MEADE,"Louisville, KY - IN DMA"
KY,MENIFEE,"Lexington, KY DMA"
KY,MERCER,"Lexington, KY DMA"
KY,METCALFE,"Bowling Green, KY DMA"
KY,MONROE,"Nashville, TN - KY DMA"
KY,MONTGOMERY,"Lexington, KY DMA"
KY,MORGAN,"Lexington, KY DMA"
KY,MUHLENBERG,"Evansville, IN - IL - KY DMA"
KY,NELSON,"Louisville, KY - IN DMA"
KY,NICHOLAS,"Lexington, KY DMA"
KY,OHIO,"Evansville, IN - IL - KY DMA"
KY,OLDHAM,"Louisville, KY - IN DMA"
KY,OWEN,"Cincinnati, OH -IN - KY DMA"
KY,OWSLEY,"Lexington, KY DMA"
KY,PENDLETON,"Cincinnati, OH -IN - KY DMA"
KY,PERRY,"Lexington, KY DMA"
KY,PIKE,"Charleston - Huntington, WV - KY - OH DMA"
KY,POWELL,"Lexington, KY DMA"
KY,PULASKI,"Lexington, KY DMA"
KY,ROBERTSON,"Cincinnati, OH -IN - KY DMA"
KY,ROCKCASTLE,"Lexington, KY DMA"
KY,ROWAN,"Lexington, KY DMA"
KY,RUSSELL,"Lexington, KY DMA"
KY,SCOTT,"Lexington, KY DMA"
KY,SHELBY,"Louisville, KY - IN DMA"
KY,SIMPSON,"Nashville, TN - KY DMA"
KY,SPENCER,"Louisville, KY - IN DMA"
KY,TAYLOR,"Louisville, KY - IN DMA"
KY,TODD,"Nashville, TN - KY DMA"
KY,TRIGG,"Nashville, TN - KY DMA"
KY,TRIMBLE,"Louisville, KY - IN DMA"
KY,UNION,"Evansville, IN - IL - KY DMA"
KY,WARREN,"Bowling Green, KY DMA"
KY,WASHINGTON,"Louisville, KY - IN DMA"
KY,WAYNE,"Lexington, KY DMA"
KY,WEBSTER,"Evansville, IN - IL - KY DMA"
KY,WHITLEY,"Lexington, KY DMA"
KY,WOLFE,"Lexington, KY DMA"
KY,WOODFORD,"Lexington, KY DMA"
LA,ACADIA,"Lafayette, LA DMA"
LA,ALLEN,"Lake Charles, LA DMA"
LA,ASCENSION,"Baton Rouge, LA - MS DMA"
LA,ASSUMPTION,"Baton Rouge, LA - MS DMA"
LA,AVOYELLES,"Alexandria, LA DMA"
LA,BEAUREGARD,"Lake Charles, LA DMA"
LA,BIENVILLE,"Shreveport, LA - AR - OK - TX DMA"
LA,BOSSIER,"Shreveport, LA - AR - OK - TX DMA"
LA,CADDO,"Shreveport, LA - AR - OK - TX DMA"
LA,CALCASIEU,"Lake Charles, LA DMA"
LA,CALDWELL,"Monroe - El Dorado, LA - AR DMA"
LA,CAMERON,"Lake Charles, LA DMA"
LA,CATAHOULA,"Monroe - El Dorado, LA - AR DMA"
LA,CLAIBORNE,"Shreveport, LA - AR - OK - TX DMA"
LA,CONCORDIA,"Monroe - El Dorado, LA - AR DMA"
LA,DE SOTO,"Shreveport, LA - AR - OK - TX DMA"
LA,EAST BATON ROUGE,"Baton Rouge, LA - MS DMA"
LA,EAST CARROLL,"Monroe - El Dorado, LA - AR DMA"
LA,EAST FELICIANA,"Baton Rouge, LA - MS DMA"
LA,EVANGELINE,"Lafayette, LA DMA"
LA,FRANKLIN,"Monroe - El Dorado, LA - AR DMA"
LA,GRANT,"Alexandria, LA DMA"
LA,IBERIA,"Lafayette, LA DMA"
LA,IBERVILLE,"Baton Rouge, LA - MS DMA"
LA,JACKSON,"Monroe - El Dorado, LA - AR DMA"
LA,JEFFERSON,"New Orleans, LA - MS DMA"
LA,JEFFERSON DAVIS,"Lafayette, LA DMA"
LA,LAFAYETTE,"Lafayette, LA DMA"
LA,LAFOURCHE,"New Orleans, LA - MS DMA"
LA,LA SALLE,"Monroe - El Dorado, LA - AR DMA"
LA,LINCOLN,"Monroe - El Dorado, LA - AR DMA"
LA,LIVINGSTON,"Baton Rouge, LA - MS DMA"
LA,MADISON,"Monroe - El Dorado, LA - AR DMA"
LA,MOREHOUSE,"Monroe - El Dorado, LA - AR DMA"
LA,NATCHITOCHES,"Shreveport, LA - AR - OK - TX DMA"
LA,ORLEANS,"New Orleans, LA - MS DMA"
LA,OUACHITA,"Monroe - El Dorado, LA - AR DMA"
LA,PLAQUEMINES,"New Orleans, LA - MS DMA"
LA,POINTE COUPEE,"Baton Rouge, LA - MS DMA"
LA,RAPIDES,"Alexandria, LA DMA"
LA,RED RIVER,"Shreveport, LA - AR - OK - TX DMA"
LA,RICHLAND,"Monroe - El Dorado, LA - AR DMA"
LA,SABINE,"Shreveport, LA - AR - OK - TX DMA"
LA,ST BERNARD,"New Orleans, LA - MS DMA"
LA,ST CHARLES,"New Orleans, LA - MS DMA"
LA,ST HELENA,"Baton Rouge, LA - MS DMA"
LA,ST JAMES,"New Orleans, LA - MS DMA"
LA,ST JOHN THE BAP,"New Orleans, LA - MS DMA"
LA,ST LANDRY,"Lafayette, LA DMA"
LA,ST MARTIN,"Lafayette, LA DMA"
LA,ST MARY,"Baton Rouge, LA - MS DMA"
LA,ST TAMMANY,"New Orleans, LA - MS DMA"
LA,TANGIPAHOA,"New Orleans, LA - MS DMA"
LA,TENSAS,"Monroe - El Dorado, LA - AR DMA"
LA,TERREBONNE,"New Orleans, LA - MS DMA"
LA,UNION,"Monroe - El Dorado, LA - AR DMA"
LA,VERMILION,"Lafayette, LA DMA"
LA,VERNON,"Alexandria, LA DMA"
LA,WASHINGTON,"New Orleans, LA - MS DMA"
LA,WEBSTER,"Shreveport, LA - AR - OK - TX DMA"
LA,WEST BATON ROUGE,"Baton Rouge, LA - MS DMA"
LA,WEST CARROLL,"Monroe - El Dorado, LA - AR DMA"
LA,WEST FELICIANA,"Baton Rouge, LA - MS DMA"
LA,WINN,"Monroe - El Dorado, LA - AR DMA"
ME,ANDROSCOGGIN,"Portland - Auburn, ME - NH - VT DMA"
ME,AROOSTOOK,"Presque Isle, ME DMA"
ME,CUMBERLAND,"Portland - Auburn, ME - NH - VT DMA"
ME,FRANKLIN,"Portland - Auburn, ME - NH - VT DMA"
ME,HANCOCK,"Bangor, ME DMA"
ME,KENNEBEC,"Portland - Auburn, ME - NH - VT DMA"
ME,KNOX,"Portland - Auburn, ME - NH - VT DMA"
ME,LINCOLN,"Portland - Auburn, ME - NH - VT DMA"
ME,OXFORD,"Portland - Auburn, ME - NH - VT DMA"
ME,PENOBSCOT,"Bangor, ME DMA"
ME,PISCATAQUIS,"Bangor, ME DMA"
ME,SAGADAHOC,"Portland - Auburn, ME - NH - VT DMA"
ME,SOMERSET,"Bangor, ME DMA"
ME,WALDO,"Bangor, ME DMA"
ME,WASHINGTON,"Bangor, ME DMA"
ME,YORK,"Portland - Auburn, ME - NH - VT DMA"
MD,ALLEGANY,"Washington, DC - MD - PA - VA - WV DMA"
MD,ANNE ARUNDEL,"Baltimore, MD DMA"
MD,BALTIMORE,"Baltimore, MD DMA"
MD,CALVERT,"Washington, DC - MD - PA - VA - WV DMA"
MD,CAROLINE,"Baltimore, MD DMA"
MD,CARROLL,"Baltimore, MD DMA"
MD,CECIL,"Baltimore, MD DMA"
MD,CHARLES,"Washington, DC - MD - PA - VA - WV DMA"
MD,DORCHESTER,"Baltimore, MD DMA"
MD,FREDERICK,"Washington, DC - MD - PA - VA - WV DMA"
MD,GARRETT,"Pittsburgh, PA - MD- WV DMA"
MD,HARFORD,"Baltimore, MD DMA"
MD,HOWARD,"Baltimore, MD DMA"
MD,KENT,"Baltimore, MD DMA"
MD,MONTGOMERY,"Washington, DC - MD - PA - VA - WV DMA"
MD,PRINCE GEORGES,"Washington, DC - MD - PA - VA - WV DMA"
MD,QUEEN ANNES,"Baltimore, MD DMA"
MD,ST MARYS,"Washington, DC - MD - PA - VA - WV DMA"
MD,SOMERSET,"Salisbury, MD - DE DMA"
MD,TALBOT,"Baltimore, MD DMA"
MD,WASHINGTON,"Washington, DC - MD - PA - VA - WV DMA"
MD,WICOMICO,"Salisbury, MD - DE DMA"
MD,WORCESTER,"Salisbury, MD - DE DMA"
MD,BALTIMORE CITY,"Baltimore, MD DMA"
MA,BARNSTABLE,"Boston, MA - NH DMA"
MA,BERKSHIRE,"Albany - Schenectady - Troy, NY - MA - VT DMA"
MA,BRISTOL,"Providence, RI - New Bedford, MA DMA"
MA,DUKES,"Boston, MA - NH DMA"
MA,ESSEX,"Boston, MA - NH DMA"
MA,FRANKLIN,"Springfield - Holyoke, MA DMA"
MA,HAMPDEN,"Springfield - Holyoke, MA DMA"
MA,HAMPSHIRE,"Springfield - Holyoke, MA DMA"
MA,MIDDLESEX,"Boston, MA - NH DMA"
MA,NANTUCKET,"Boston, MA - NH DMA"
MA,NORFOLK,"Boston, MA - NH DMA"
MA,PLYMOUTH,"Boston, MA - NH DMA"
MA,SUFFOLK,"Boston, MA - NH DMA"
MA,WORCESTER,"Boston, MA - NH DMA"
MI,ALCONA,"Alpena, MI DMA"
MI,ALGER,"Marquette, MI DMA"
MI,ALLEGAN,"Grand Rapids - Kalamazoo - Battle Creek, MI DMA"
MI,ALPENA,"Alpena, MI DMA"
MI,ANTRIM,"Traverse City - Cadillac, MI DMA"
MI,ARENAC,"Flint - Saginaw - Bay City, MI DMA"
MI,BARAGA,"Marquette, MI DMA"
MI,BARRY,"Grand Rapids - Kalamazoo - Battle Creek, MI DMA"
MI,BAY,"Flint - Saginaw - Bay City, MI DMA"
MI,BENZIE,"Traverse City - Cadillac, MI DMA"
MI,BERRIEN,"South Bend - Elkhart, IN - MI DMA"
MI,BRANCH,"Grand Rapids - Kalamazoo - Battle Creek, MI DMA"
MI,CALHOUN,"Grand Rapids - Kalamazoo - Battle Creek, MI DMA"
MI,CASS,"South Bend - Elkhart, IN - MI DMA"
MI,CHARLEVOIX,"Traverse City - Cadillac, MI DMA"
MI,CHEBOYGAN,"Traverse City - Cadillac, MI DMA"
MI,CHIPPEWA,"Traverse City - Cadillac, MI DMA"
MI,CLARE,"Traverse City - Cadillac, MI DMA"
MI,CLINTON,"Lansing, MI DMA"
MI,CRAWFORD,"Traverse City - Cadillac, MI DMA"
MI,DELTA,"Marquette, MI DMA"
MI,DICKINSON,"Marquette, MI DMA"
MI,EATON,"Lansing, MI DMA"
MI,EMMET,"Traverse City - Cadillac, MI DMA"
MI,GENESEE,"Flint - Saginaw - Bay City, MI DMA"
MI,GLADWIN,"Flint - Saginaw - Bay City, MI DMA"
MI,GOGEBIC,"Duluth - Superior, MN - MI - WI DMA"
MI,GRAND TRAVERSE,"Traverse City - Cadillac, MI DMA"
MI,GRATIOT,"Flint - Saginaw - Bay City, MI DMA"
MI,HILLSDALE,"Lansing, MI DMA"
MI,HOUGHTON,"Marquette, MI DMA"
MI,HURON,"Flint - Saginaw - Bay City, MI DMA"
MI,INGHAM,"Lansing, MI DMA"
MI,IONIA,"Grand Rapids - Kalamazoo - Battle Creek, MI DMA"
MI,IOSCO,"Flint - Saginaw - Bay City, MI DMA"
MI,IRON,"Marquette, MI DMA"
MI,ISABELLA,"Flint - Saginaw - Bay City, MI DMA"
MI,JACKSON,"Lansing, MI DMA"
MI,KALAMAZOO,"Grand Rapids - Kalamazoo - Battle Creek, MI DMA"
MI,KALKASKA,"Traverse City - Cadillac, MI DMA"
MI,KENT,"Grand Rapids - Kalamazoo - Battle Creek, MI DMA"
MI,KEWEENAW,"Marquette, MI DMA"
MI,LAKE,"Traverse City - Cadillac, MI DMA"
MI,LAPEER,"Detroit, MI DMA"
MI,LEELANAU,"Traverse City - Cadillac, MI DMA"
MI,LENAWEE,"Toledo, OH - MI DMA"
MI,LIVINGSTON,"Detroit, MI DMA"
MI,LUCE,"Traverse City - Cadillac, MI DMA"
MI,MACKINAC,"Traverse City - Cadillac, MI DMA"
MI,MACOMB,"Detroit, MI DMA"
MI,MANISTEE,"Traverse City - Cadillac, MI DMA"
MI,MARQUETTE,"Marquette, MI DMA"
MI,MASON,"Traverse City - Cadillac, MI DMA"
MI,MECOSTA,"Traverse City - Cadillac, MI DMA"
MI,MENOMINEE,"Green Bay - Appleton, WI - MI DMA"
MI,MIDLAND,"Flint - Saginaw - Bay City, MI DMA"
MI,MISSAUKEE,"Traverse City - Cadillac, MI DMA"
MI,MONROE,"Detroit, MI DMA"
MI,MONTCALM,"Grand Rapids - Kalamazoo - Battle Creek, MI DMA"
MI,MONTMORENCY,"Traverse City - Cadillac, MI DMA"
MI,MUSKEGON,"Grand Rapids - Kalamazoo - Battle Creek, MI DMA"
MI,NEWAYGO,"Grand Rapids - Kalamazoo - Battle Creek, MI DMA"
MI,OAKLAND,"Detroit, MI DMA"
MI,OCEANA,"Grand Rapids - Kalamazoo - Battle Creek, MI DMA"
MI,OGEMAW,"Flint - Saginaw - Bay City, MI DMA"
MI,ONTONAGON,"Marquette, MI DMA"
MI,OSCEOLA,"Traverse City - Cadillac, MI DMA"
MI,OSCODA,"Traverse City - Cadillac, MI DMA"
MI,OTSEGO,"Traverse City - Cadillac, MI DMA"
MI,OTTAWA,"Grand Rapids - Kalamazoo - Battle Creek, MI DMA"
MI,PRESQUE ISLE,"Traverse City - Cadillac, MI DMA"
MI,ROSCOMMON,"Traverse City - Cadillac, MI DMA"
MI,SAGINAW,"Flint - Saginaw - Bay City, MI DMA"
MI,ST CLAIR,"Detroit, MI DMA"
MI,ST JOSEPH,"Grand Rapids - Kalamazoo - Battle Creek, MI DMA"
MI,SANILAC,"Detroit, MI DMA"
MI,SCHOOLCRAFT,"Marquette, MI DMA"
MI,SHIAWASSEE,"Flint - Saginaw - Bay City, MI DMA"
MI,TUSCOLA,"Flint - Saginaw - Bay City, MI DMA"
MI,VAN BUREN,"Grand Rapids - Kalamazoo - Battle Creek, MI DMA"
MI,WASHTENAW,"Detroit, MI DMA"
MI,WAYNE,"Detroit, MI DMA"
MI,WEXFORD,"Traverse City - Cadillac, MI DMA"
MN,AITKIN,"Duluth - Superior, MN - MI - WI DMA"
MN,ANOKA,"Minneapolis - St. Paul, MN - WI DMA"
MN,BECKER,"Fargo - Valley City, ND - MN DMA"
MN,BELTRAMI,"Minneapolis - St. Paul, MN - WI DMA"
MN,BENTON,"Minneapolis - St. Paul, MN - WI DMA"
MN,BIG STONE,"Minneapolis - St. Paul, MN - WI DMA"
MN,BLUE EARTH,"Mankato, MN - IA DMA"
MN,BROWN,"Mankato, MN - IA DMA"
MN,CARLTON,"Duluth - Superior, MN - MI - WI DMA"
MN,CARVER,"Minneapolis - St. Paul, MN - WI DMA"
MN,CASS,"Minneapolis - St. Paul, MN - WI DMA"
MN,CHIPPEWA,"Minneapolis - St. Paul, MN - WI DMA"
MN,CHISAGO,"Minneapolis - St. Paul, MN - WI DMA"
MN,CLAY,"Fargo - Valley City, ND - MN DMA"
MN,CLEARWATER,"Fargo - Valley City, ND - MN DMA"
MN,COOK,"Duluth - Superior, MN - MI - WI DMA"
MN,COTTONWOOD,"Minneapolis - St. Paul, MN - WI DMA"
MN,CROW WING,"Minneapolis - St. Paul, MN - WI DMA"
MN,DAKOTA,"Minneapolis - St. Paul, MN - WI DMA"
MN,DODGE,"Rochester - Mason City - Austin, MN - IA DMA"
MN,DOUGLAS,"Minneapolis - St. Paul, MN - WI DMA"
MN,FARIBAULT,"Minneapolis - St. Paul, MN - WI DMA"
MN,FILLMORE,"Rochester - Mason City - Austin, MN - IA DMA"
MN,FREEBORN,"Rochester - Mason City - Austin, MN - IA DMA"
MN,GOODHUE,"Minneapolis - St. Paul, MN - WI DMA"
MN,GRANT,"Minneapolis - St. Paul, MN - WI DMA"
MN,HENNEPIN,"Minneapolis - St. Paul, MN - WI DMA"
MN,HOUSTON,"LaCrosse - Eau Claire, WI - MN DMA"
MN,HUBBARD,"Minneapolis - St. Paul, MN - WI DMA"
MN,ISANTI,"Minneapolis - St. Paul, MN - WI DMA"
MN,ITASCA,"Duluth - Superior, MN - MI - WI DMA"
MN,JACKSON,"Minneapolis - St. Paul, MN - WI DMA"
MN,KANABEC,"Minneapolis - St. Paul, MN - WI DMA"
MN,KANDIYOHI,"Minneapolis - St. Paul, MN - WI DMA"
MN,KITTSON,"Fargo - Valley City, ND - MN DMA"
MN,KOOCHICHING,"Duluth - Superior, MN - MI - WI DMA"
MN,LAC QUI PARLE,"Minneapolis - St. Paul, MN - WI DMA"
MN,LAKE,"Duluth - Superior, MN - MI - WI DMA"
MN,LAKE OF WOODS,"Fargo - Valley City, ND - MN DMA"
MN,LE SUEUR,"Minneapolis - St. Paul, MN - WI DMA"
MN,LINCOLN,"Sioux Falls (Mitchell), SD - IA - MN - NE DMA"
MN,LYON,"Minneapolis - St. Paul, MN - WI DMA"
MN,MCLEOD,"Minneapolis - St. Paul, MN - WI DMA"
MN,MAHNOMEN,"Fargo - Valley City, ND - MN DMA"
MN,MARSHALL,"Fargo - Valley City, ND - MN DMA"
MN,MARTIN,"Mankato, MN - IA DMA"
MN,MEEKER,"Minneapolis - St. Paul, MN - WI DMA"
MN,MILLE LACS,"Minneapolis - St. Paul, MN - WI DMA"
MN,MORRISON,"Minneapolis - St. Paul, MN - WI DMA"
MN,MOWER,"Rochester - Mason City - Austin, MN - IA DMA"
MN,MURRAY,"Sioux Falls (Mitchell), SD - IA - MN - NE DMA"
MN,NICOLLET,"Minneapolis - St. Paul, MN - WI DMA"
MN,NOBLES,"Sioux Falls (Mitchell), SD - IA - MN - NE DMA"
MN,NORMAN,"Fargo - Valley City, ND - MN DMA"
MN,OLMSTED,"Rochester - Mason City - Austin, MN - IA DMA"
MN,OTTER TAIL,"Fargo - Valley City, ND - MN DMA"
MN,PENNINGTON,"Fargo - Valley City, ND - MN DMA"
MN,PINE,"Minneapolis - St. Paul, MN - WI DMA"
MN,PIPESTONE,"Sioux Falls (Mitchell), SD - IA - MN - NE DMA"
MN,POLK,"Fargo - Valley City, ND - MN DMA"
MN,POPE,"Minneapolis - St. Paul, MN - WI DMA"
MN,RAMSEY,"Minneapolis - St. Paul, MN - WI DMA"
MN,RED LAKE,"Fargo - Valley City, ND - MN DMA"
MN,REDWOOD,"Minneapolis - St. Paul, MN - WI DMA"
MN,RENVILLE,"Minneapolis - St. Paul, MN - WI DMA"
MN,RICE,"Minneapolis - St. Paul, MN - WI DMA"
MN,ROCK,"Sioux Falls (Mitchell), SD - IA - MN - NE DMA"
MN,ROSEAU,"Fargo - Valley City, ND - MN DMA"
MN,ST LOUIS,"Duluth - Superior, MN - MI - WI DMA"
MN,SCOTT,"Minneapolis - St. Paul, MN - WI DMA"
MN,SHERBURNE,"Minneapolis - St. Paul, MN - WI DMA"
MN,SIBLEY,"Minneapolis - St. Paul, MN - WI DMA"
MN,STEARNS,"Minneapolis - St. Paul, MN - WI DMA"
MN,STEELE,"Minneapolis - St. Paul, MN - WI DMA"
MN,STEVENS,"Minneapolis - St. Paul, MN - WI DMA"
MN,SWIFT,"Minneapolis - St. Paul, MN - WI DMA"
MN,TODD,"Minneapolis - St. Paul, MN - WI DMA"
MN,TRAVERSE,"Minneapolis - St. Paul, MN - WI DMA"
MN,WABASHA,"Minneapolis - St. Paul, MN - WI DMA"
MN,WADENA,"Minneapolis - St. Paul, MN - WI DMA"
MN,WASECA,"Minneapolis - St. Paul, MN - WI DMA"
MN,WASHINGTON,"Minneapolis - St. Paul, MN - WI DMA"
MN,WATONWAN,"Mankato, MN - IA DMA"
MN,WILKIN,"Fargo - Valley City, ND - MN DMA"
MN,WINONA,"LaCrosse - Eau Claire, WI - MN DMA"
MN,WRIGHT,"Minneapolis - St. Paul, MN - WI DMA"
MN,YELLOW MEDICINE,"Minneapolis - St. Paul, MN - WI DMA"
MS,ADAMS,"Jackson, MS DMA"
MS,ALCORN,"Memphis, TN - AR- MS - MO DMA"
MS,AMITE,"Baton Rouge, LA - MS DMA"
MS,ATTALA,"Jackson, MS DMA"
MS,BENTON,"Memphis, TN - AR- MS - MO DMA"
MS,BOLIVAR,"Greenwood - Greenville, MS DMA"
MS,CALHOUN,"Columbus - Tupelo - West Point, MS - AL DMA"
MS,CARROLL,"Greenwood - Greenville, MS DMA"
MS,CHICKASAW,"Columbus - Tupelo - West Point, MS - AL DMA"
MS,CHOCTAW,"Columbus - Tupelo - West Point, MS - AL DMA"
MS,CLAIBORNE,"Jackson, MS DMA"
MS,CLARKE,"Meridian, MS - AL DMA"
MS,CLAY,"Columbus - Tupelo - West Point, MS - AL DMA"
MS,COAHOMA,"Memphis, TN - AR- MS - MO DMA"
MS,COPIAH,"Jackson, MS DMA"
MS,COVINGTON,"Hattiesburg - Laurel, MS DMA"
MS,DE SOTO,"Memphis, TN - AR- MS - MO DMA"
MS,FORREST,"Hattiesburg - Laurel, MS DMA"
MS,FRANKLIN,"Jackson, MS DMA"
MS,GEORGE,"Biloxi - Gulfport, MS DMA"
MS,GREENE,"Mobile, AL - Pensacola, FL - MS DMA"
MS,GRENADA,"Greenwood - Greenville, MS DMA"
MS,HANCOCK,"New Orleans, LA - MS DMA"
MS,HARRISON,"Biloxi - Gulfport, MS DMA"
MS,HINDS,"Jackson, MS DMA"
MS,HOLMES,"Jackson, MS DMA"
MS,HUMPHREYS,"Jackson, MS DMA"
MS,ISSAQUENA,"Jackson, MS DMA"
MS,ITAWAMBA,"Columbus - Tupelo - West Point, MS - AL DMA"
MS,JACKSON,"Biloxi - Gulfport, MS DMA"
MS,JASPER,"Hattiesburg - Laurel, MS DMA"
MS,JEFFERSON,"Jackson, MS DMA"
MS,JEFFERSON DAVIS,"Jackson, MS DMA"
MS,JONES,"Hattiesburg - Laurel, MS DMA"
MS,KEMPER,"Meridian, MS - AL DMA"
MS,LAFAYETTE,"Memphis, TN - AR- MS - MO DMA"
MS,LAMAR,"Hattiesburg - Laurel, MS DMA"
MS,LAUDERDALE,"Meridian, MS - AL DMA"
MS,LAWRENCE,"Jackson, MS DMA"
MS,LEAKE,"Jackson, MS DMA"
MS,LEE,"Columbus - Tupelo - West Point, MS - AL DMA"
MS,LEFLORE,"Greenwood - Greenville, MS DMA"
MS,LINCOLN,"Jackson, MS DMA"
MS,LOWNDES,"Columbus - Tupelo - West Point, MS - AL DMA"
MS,MADISON,"Jackson, MS DMA"
MS,MARION,"Hattiesburg - Laurel, MS DMA"
MS,MARSHALL,"Memphis, TN - AR- MS - MO DMA"
MS,MONROE,"Columbus - Tupelo - West Point, MS - AL DMA"
MS,MONTGOMERY,"Columbus - Tupelo - West Point, MS - AL DMA"
MS,NESHOBA,"Meridian, MS - AL DMA"
MS,NEWTON,"Meridian, MS - AL DMA"
MS,NOXUBEE,"Columbus - Tupelo - West Point, MS - AL DMA"
MS,OKTIBBEHA,"Columbus - Tupelo - West Point, MS - AL DMA"
MS,PANOLA,"Memphis, TN - AR- MS - MO DMA"
MS,PEARL RIVER,"New Orleans, LA - MS DMA"
MS,PERRY,"Hattiesburg - Laurel, MS DMA"
MS,PIKE,"Jackson, MS DMA"
MS,PONTOTOC,"Columbus - Tupelo - West Point, MS - AL DMA"
MS,PRENTISS,"Columbus - Tupelo - West Point, MS - AL DMA"
MS,QUITMAN,"Memphis, TN - AR- MS - MO DMA"
MS,RANKIN,"Jackson, MS DMA"
MS,SCOTT,"Jackson, MS DMA"
MS,SHARKEY,"Jackson, MS DMA"
MS,SIMPSON,"Jackson, MS DMA"
MS,SMITH,"Jackson, MS DMA"
MS,STONE,"Biloxi - Gulfport, MS DMA"
MS,SUNFLOWER,"Greenwood - Greenville, MS DMA"
MS,TALLAHATCHIE,"Greenwood - Greenville, MS DMA"
MS,TATE,"Memphis, TN - AR- MS - MO DMA"
MS,TIPPAH,"Memphis, TN - AR- MS - MO DMA"
MS,TISHOMINGO,"Columbus - Tupelo - West Point, MS - AL DMA"
MS,TUNICA,"Memphis, TN - AR- MS - MO DMA"
MS,UNION,"Columbus - Tupelo - West Point, MS - AL DMA"
MS,WALTHALL,"Jackson, MS DMA"
MS,WARREN,"Jackson, MS DMA"
MS,WASHINGTON,"Greenwood - Greenville, MS DMA"
MS,WAYNE,"Hattiesburg - Laurel, MS DMA"
MS,WEBSTER,"Columbus - Tupelo - West Point, MS - AL DMA"
MS,WILKINSON,"Baton Rouge, LA - MS DMA"
MS,WINSTON,"Columbus - Tupelo - West Point, MS - AL DMA"
MS,YALOBUSHA,"Columbus - Tupelo - West Point, MS - AL DMA"
MS,YAZOO,"Jackson, MS DMA"
MO,ADAIR,"Ottumwa - Kirksville, IA - MO DMA"
MO,ANDREW,"St. Joseph, MO - KS DMA"
MO,ATCHISON,"Omaha, NE - IA - MO DMA"
MO,AUDRAIN,"Columbia - Jefferson City, MO DMA"
MO,BARRY,"Springfield, MO - AR DMA"
MO,BARTON,"Joplin - Pittsburg, MO - KS - OK DMA"
MO,BATES,"Kansas City, MO - KS DMA"
MO,BENTON,"Springfield, MO - AR DMA"
MO,BOLLINGER,"Paducah - Cape Giradeau - Harrisburg, KY - IL - MO - TN DMA"
MO,BOONE,"Columbia - Jefferson City, MO DMA"
MO,BUCHANAN,"St. Joseph, MO - KS DMA"
MO,BUTLER,"Paducah - Cape Giradeau - Harrisburg, KY - IL - MO - TN DMA"
MO,CALDWELL,"Kansas City, MO - KS DMA"
MO,CALLAWAY,"Columbia - Jefferson City, MO DMA"
MO,CAMDEN,"Springfield, MO - AR DMA"
MO,CAPE GIRARDEAU,"Paducah - Cape Giradeau - Harrisburg, KY - IL - MO - TN DMA"
MO,CARROLL,"Kansas City, MO - KS DMA"
MO,CARTER,"Paducah - Cape Giradeau - Harrisburg, KY - IL - MO - TN DMA"
MO,CASS,"Kansas City, MO - KS DMA"
MO,CEDAR,"Springfield, MO - AR DMA"
MO,CHARITON,"Columbia - Jefferson City, MO DMA"
MO,CHRISTIAN,"Springfield, MO - AR DMA"
MO,CLARK,"Quincy - Hannibal - Keokuk, MO - IL - IA DMA"
MO,CLAY,"Kansas City, MO - KS DMA"
MO,CLINTON,"Kansas City, MO - KS DMA"
MO,COLE,"Columbia - Jefferson City, MO DMA"
MO,COOPER,"Columbia - Jefferson City, MO DMA"
MO,CRAWFORD,"St. Louis, MO - IL DMA"
MO,DADE,"Springfield, MO - AR DMA"
MO,DALLAS,"Springfield, MO - AR DMA"
MO,DAVIESS,"Kansas City, MO - KS DMA"
MO,DE KALB,"St. Joseph, MO - KS DMA"
MO,DENT,"Springfield, MO - AR DMA"
MO,DOUGLAS,"Springfield, MO - AR DMA"
MO,DUNKLIN,"Paducah - Cape Giradeau - Harrisburg, KY - IL - MO - TN DMA"
MO,FRANKLIN,"St. Louis, MO - IL DMA"
MO,GASCONADE,"St. Louis, MO - IL DMA"
MO,GENTRY,"Kansas City, MO - KS DMA"
MO,GREENE,"Springfield, MO - AR DMA"
MO,GRUNDY,"Kansas City, MO - KS DMA"
MO,HARRISON,"Kansas City, MO - KS DMA"
MO,HENRY,"Kansas City, MO - KS DMA"
MO,HICKORY,"Springfield, MO - AR DMA"
MO,HOLT,"St. Joseph, MO - KS DMA"
MO,HOWARD,"Columbia - Jefferson City, MO DMA"
MO,HOWELL,"Springfield, MO - AR DMA"
MO,IRON,"St. Louis, MO - IL DMA"
MO,JACKSON,"Kansas City, MO - KS DMA"
MO,JASPER,"Joplin - Pittsburg, MO - KS - OK DMA"
MO,JEFFERSON,"St. Louis, MO - IL DMA"
MO,JOHNSON,"Kansas City, MO - KS DMA"
MO,KNOX,"Quincy - Hannibal - Keokuk, MO - IL - IA DMA"
MO,LACLEDE,"Springfield, MO - AR DMA"
MO,LAFAYETTE,"Kansas City, MO - KS DMA"
MO,LAWRENCE,"Springfield, MO - AR DMA"
MO,LEWIS,"Quincy - Hannibal - Keokuk, MO - IL - IA DMA"
MO,LINCOLN,"St. Louis, MO - IL DMA"
MO,LINN,"Kansas City, MO - KS DMA"
MO,LIVINGSTON,"Kansas City, MO - KS DMA"
MO,MCDONALD,"Joplin - Pittsburg, MO - KS - OK DMA"
MO,MACON,"Ottumwa - Kirksville, IA - MO DMA"
MO,MADISON,"Paducah - Cape Giradeau - Harrisburg, KY - IL - MO - TN DMA"
MO,MARIES,"Columbia - Jefferson City, MO DMA"
MO,MARION,"Quincy - Hannibal - Keokuk, MO - IL - IA DMA"
MO,MERCER,"Des Moines - Ames, IA - MO DMA"
MO,MILLER,"Columbia - Jefferson City, MO DMA"
MO,MISSISSIPPI,"Paducah - Cape Giradeau - Harrisburg, KY - IL - MO - TN DMA"
MO,MONITEAU,"Columbia - Jefferson City, MO DMA"
MO,MONROE,"Quincy - Hannibal - Keokuk, MO - IL - IA DMA"
MO,MONTGOMERY,"Columbia - Jefferson City, MO DMA"
MO,MORGAN,"Columbia - Jefferson City, MO DMA"
MO,NEW MADRID,"Paducah - Cape Giradeau - Harrisburg, KY - IL - MO - TN DMA"
MO,NEWTON,"Joplin - Pittsburg, MO - KS - OK DMA"
MO,NODAWAY,"St. Joseph, MO - KS DMA"
MO,OREGON,"Springfield, MO - AR DMA"
MO,OSAGE,"Columbia - Jefferson City, MO DMA"
MO,OZARK,"Springfield, MO - AR DMA"
MO,PEMISCOT,"Memphis, TN - AR- MS - MO DMA"
MO,PERRY,"Paducah - Cape Giradeau - Harrisburg, KY - IL - MO - TN DMA"
MO,PETTIS,"Kansas City, MO - KS DMA"
MO,PHELPS,"Springfield, MO - AR DMA"
MO,PIKE,"St. Louis, MO - IL DMA"
MO,PLATTE,"Kansas City, MO - KS DMA"
MO,POLK,"Springfield, MO - AR DMA"
MO,PULASKI,"Springfield, MO - AR DMA"
MO,PUTNAM,"Ottumwa - Kirksville, IA - MO DMA"
MO,RALLS,"Quincy - Hannibal - Keokuk, MO - IL - IA DMA"
MO,RANDOLPH,"Columbia - Jefferson City, MO DMA"
MO,RAY,"Kansas City, MO - KS DMA"
MO,REYNOLDS,"Paducah - Cape Giradeau - Harrisburg, KY - IL - MO - TN DMA"
MO,RIPLEY,"Paducah - Cape Giradeau - Harrisburg, KY - IL - MO - TN DMA"
MO,ST CHARLES,"St. Louis, MO - IL DMA"
MO,ST CLAIR,"Springfield, MO - AR DMA"
MO,STE GENEVIEVE,"St. Louis, MO - IL DMA"
MO,ST FRANCOIS,"St. Louis, MO - IL DMA"
MO,ST LOUIS,"St. Louis, MO - IL DMA"
MO,SALINE,"Kansas City, MO - KS DMA"
MO,SCHUYLER,"Ottumwa - Kirksville, IA - MO DMA"
MO,SCOTLAND,"Quincy - Hannibal - Keokuk, MO - IL - IA DMA"
MO,SCOTT,"Paducah - Cape Giradeau - Harrisburg, KY - IL - MO - TN DMA"
MO,SHANNON,"Springfield, MO - AR DMA"
MO,SHELBY,"Quincy - Hannibal - Keokuk, MO - IL - IA DMA"
MO,STODDARD,"Paducah - Cape Giradeau - Harrisburg, KY - IL - MO - TN DMA"
MO,STONE,"Springfield, MO - AR DMA"
MO,SULLIVAN,"Ottumwa - Kirksville, IA - MO DMA"
MO,TANEY,"Springfield, MO - AR DMA"
MO,TEXAS,"Springfield, MO - AR DMA"
MO,VERNON,"Joplin - Pittsburg, MO - KS - OK DMA"
MO,WARREN,"St. Louis, MO - IL DMA"
MO,WASHINGTON,"St. Louis, MO - IL DMA"
MO,WAYNE,"Paducah - Cape Giradeau - Harrisburg, KY - IL - MO - TN DMA"
MO,WEBSTER,"Springfield, MO - AR DMA"
MO,WORTH,"St. Joseph, MO - KS DMA"
MO,WRIGHT,"Springfield, MO - AR DMA"
MO,ST LOUIS CITY,"St. Louis, MO - IL DMA"
MT,BEAVERHEAD,"Butte - Bozeman, MT DMA"
MT,BIG HORN,"Billings, MT - ID DMA"
MT,BLAINE,"Great Falls, MT DMA"
MT,BROADWATER,"Butte - Bozeman, MT DMA"
MT,CARBON,"Billings, MT - ID DMA"
MT,CARTER,"Rapid City, SD - MT - NE - WY DMA"
MT,CASCADE,"Great Falls, MT DMA"
MT,CHOUTEAU,"Great Falls, MT DMA"
MT,CUSTER,"Billings, MT - ID DMA"
MT,DANIELS,"Minot - Bismarck - Dickinson, ND - MT - SD DMA"
MT,DAWSON,"Glendive, MT DMA"
MT,DEER LODGE,"Butte - Bozeman, MT DMA"
MT,FALLON,"Glendive, MT DMA"
MT,FERGUS,"Great Falls, MT DMA"
MT,FLATHEAD,"Missoula, MT DMA"
MT,GALLATIN,"Butte - Bozeman, MT DMA"
MT,GARFIELD,"Billings, MT - ID DMA"
MT,GLACIER,"Great Falls, MT DMA"
MT,GOLDEN VALLEY,"Billings, MT - ID DMA"
MT,GRANITE,"Missoula, MT DMA"
MT,HILL,"Great Falls, MT DMA"
MT,JEFFERSON,"Butte - Bozeman, MT DMA"
MT,JUDITH BASIN,"Great Falls, MT DMA"
MT,LAKE,"Missoula, MT DMA"
MT,LEWIS AND CLARK,"Helena, MT DMA"
MT,LIBERTY,"Great Falls, MT DMA"
MT,LINCOLN,"Spokane, WA - ID - MT - OR DMA"
MT,MCCONE,"Minot - Bismarck - Dickinson, ND - MT - SD DMA"
MT,MADISON,"Butte - Bozeman, MT DMA"
MT,MEAGHER,"Billings, MT - ID DMA"
MT,MINERAL,"Missoula, MT DMA"
MT,MISSOULA,"Missoula, MT DMA"
MT,MUSSELSHELL,"Billings, MT - ID DMA"
MT,PARK,"Billings, MT - ID DMA"
MT,PETROLEUM,"Billings, MT - ID DMA"
MT,PHILLIPS,"Great Falls, MT DMA"
MT,PONDERA,"Great Falls, MT DMA"
MT,POWDER RIVER,"Billings, MT - ID DMA"
MT,POWELL,"Butte - Bozeman, MT DMA"
MT,PRAIRIE,"Glendive, MT DMA"
MT,RAVALLI,"Missoula, MT DMA"
MT,RICHLAND,"Minot - Bismarck - Dickinson, ND - MT - SD DMA"
MT,ROOSEVELT,"Minot - Bismarck - Dickinson, ND - MT - SD DMA"
MT,ROSEBUD,"Billings, MT - ID DMA"
MT,SANDERS,"Missoula, MT DMA"
MT,SHERIDAN,"Minot - Bismarck - Dickinson, ND - MT - SD DMA"
MT,SILVER BOW,"Butte - Bozeman, MT DMA"
MT,STILLWATER,"Billings, MT - ID DMA"
MT,SWEET GRASS,"Billings, MT - ID DMA"
MT,TETON,"Great Falls, MT DMA"
MT,TOOLE,"Great Falls, MT DMA"
MT,TREASURE,"Billings, MT - ID DMA"
MT,VALLEY,"Great Falls, MT DMA"
MT,WHEATLAND,"Billings, MT - ID DMA"
MT,WIBAUX,"Minot - Bismarck - Dickinson, ND - MT - SD DMA"
MT,YELLOWSTONE,"Billings, MT - ID DMA"
NE,ADAMS,"Lincoln & Hastings - Kearney Plus, NE - KS DMA"
NE,ANTELOPE,"Lincoln & Hastings - Kearney Plus, NE - KS DMA"
NE,ARTHUR,"North Platte, NE DMA"
NE,BANNER,"Rapid City, SD - MT - NE - WY DMA"
NE,BLAINE,"North Platte, NE DMA"
NE,BOONE,"Lincoln & Hastings - Kearney Plus, NE - KS DMA"
NE,BOX BUTTE,"Denver, CO - NE - NV - WY DMA"
NE,BOYD,"Lincoln & Hastings - Kearney Plus, NE - KS DMA"
NE,BROWN,"Lincoln & Hastings - Kearney Plus, NE - KS DMA"
NE,BUFFALO,"Lincoln & Hastings - Kearney Plus, NE - KS DMA"
NE,BURT,"Omaha, NE - IA - MO DMA"
NE,BUTLER,"Omaha, NE - IA - MO DMA"
NE,CASS,"Omaha, NE - IA - MO DMA"
NE,CEDAR,"Sioux City, IA - NE - SD DMA"
NE,CHASE,"Lincoln & Hastings - Kearney Plus, NE - KS DMA"
NE,CHERRY,"Sioux Falls (Mitchell), SD - IA - MN - NE DMA"
NE,CHEYENNE,"Denver, CO - NE - NV - WY DMA"
NE,CLAY,"Lincoln & Hastings - Kearney Plus, NE - KS DMA"
NE,COLFAX,"Omaha, NE - IA - MO DMA"
NE,CUMING,"Omaha, NE - IA - MO DMA"
NE,CUSTER,"Lincoln & Hastings - Kearney Plus, NE - KS DMA"
NE,DAKOTA,"Sioux City, IA - NE - SD DMA"
NE,DAWES,"Denver, CO - NE - NV - WY DMA"
NE,DAWSON,"Lincoln & Hastings - Kearney Plus, NE - KS DMA"
NE,DEUEL,"Denver, CO - NE - NV - WY DMA"
NE,DIXON,"Sioux City, IA - NE - SD DMA"
NE,DODGE,"Omaha, NE - IA - MO DMA"
NE,DOUGLAS,"Omaha, NE - IA - MO DMA"
NE,DUNDY,"Wichita - Hutchinson Plus, KS - NE DMA"
NE,FILLMORE,"Lincoln & Hastings - Kearney Plus, NE - KS DMA"
NE,FRANKLIN,"Lincoln & Hastings - Kearney Plus, NE - KS DMA"
NE,FRONTIER,"Lincoln & Hastings - Kearney Plus, NE - KS DMA"
NE,FURNAS,"Lincoln & Hastings - Kearney Plus, NE - KS DMA"
NE,GAGE,"Lincoln & Hastings - Kearney Plus, NE - KS DMA"
NE,GARDEN,"Denver, CO - NE - NV - WY DMA"
NE,GARFIELD,"Lincoln & Hastings - Kearney Plus, NE - KS DMA"
NE,GOSPER,"Lincoln & Hastings - Kearney Plus, NE - KS DMA"
NE,GRANT,"Rapid City, SD - MT - NE - WY DMA"
NE,GREELEY,"Lincoln & Hastings - Kearney Plus, NE - KS DMA"
NE,HALL,"Lincoln & Hastings - Kearney Plus, NE - KS DMA"
NE,HAMILTON,"Lincoln & Hastings - Kearney Plus, NE - KS DMA"
NE,HARLAN,"Lincoln & Hastings - Kearney Plus, NE - KS DMA"
NE,HAYES,"Lincoln & Hastings - Kearney Plus, NE - KS DMA"
NE,HITCHCOCK,"Lincoln & Hastings - Kearney Plus, NE - KS DMA"
NE,HOLT,"Lincoln & Hastings - Kearney Plus, NE - KS DMA"
NE,HOOKER,"North Platte, NE DMA"
NE,HOWARD,"Lincoln & Hastings - Kearney Plus, NE - KS DMA"
NE,JEFFERSON,"Lincoln & Hastings - Kearney Plus, NE - KS DMA"
NE,JOHNSON,"Omaha, NE - IA - MO DMA"
NE,KEARNEY,"Lincoln & Hastings - Kearney Plus, NE - KS DMA"
NE,KEITH,"Denver, CO - NE - NV - WY DMA"
NE,KEYA PAHA,"Lincoln & Hastings - Kearney Plus, NE - KS DMA"
NE,KIMBALL,"Denver, CO - NE - NV - WY DMA"
NE,KNOX,"Sioux City, IA - NE - SD DMA"
NE,LANCASTER,"Lincoln & Hastings - Kearney Plus, NE - KS DMA"
NE,LINCOLN,"North Platte, NE DMA"
NE,LOGAN,"North Platte, NE DMA"
NE,LOUP,"Lincoln & Hastings - Kearney Plus, NE - KS DMA"
NE,MCPHERSON,"North Platte, NE DMA"
NE,MADISON,"Sioux City, IA - NE - SD DMA"
NE,MERRICK,"Lincoln & Hastings - Kearney Plus, NE - KS DMA"
NE,MORRILL,"Rapid City, SD - MT - NE - WY DMA"
NE,NANCE,"Lincoln & Hastings - Kearney Plus, NE - KS DMA"
NE,NEMAHA,"Omaha, NE - IA - MO DMA"
NE,NUCKOLLS,"Lincoln & Hastings - Kearney Plus, NE - KS DMA"
NE,OTOE,"Omaha, NE - IA - MO DMA"
NE,PAWNEE,"Omaha, NE - IA - MO DMA"
NE,PERKINS,"Lincoln & Hastings - Kearney Plus, NE - KS DMA"
NE,PHELPS,"Lincoln & Hastings - Kearney Plus, NE - KS DMA"
NE,PIERCE,"Sioux City, IA - NE - SD DMA"
NE,PLATTE,"Omaha, NE - IA - MO DMA"
NE,POLK,"Lincoln & Hastings - Kearney Plus, NE - KS DMA"
NE,RED WILLOW,"Lincoln & Hastings - Kearney Plus, NE - KS DMA"
NE,RICHARDSON,"Omaha, NE - IA - MO DMA"
NE,ROCK,"Lincoln & Hastings - Kearney Plus, NE - KS DMA"
NE,SALINE,"Lincoln & Hastings - Kearney Plus, NE - KS DMA"
NE,SARPY,"Omaha, NE - IA - MO DMA"
NE,SAUNDERS,"Omaha, NE - IA - MO DMA"
NE,SCOTTS BLUFF,"Cheyenne - Scottsbluff - Sterling, WY - NE DMA"
NE,SEWARD,"Lincoln & Hastings - Kearney Plus, NE - KS DMA"
NE,SHERIDAN,"Rapid City, SD - MT - NE - WY DMA"
NE,SHERMAN,"Lincoln & Hastings - Kearney Plus, NE - KS DMA"
NE,SIOUX,"Rapid City, SD - MT - NE - WY DMA"
NE,STANTON,"Sioux City, IA - NE - SD DMA"
NE,THAYER,"Lincoln & Hastings - Kearney Plus, NE - KS DMA"
NE,THOMAS,"North Platte, NE DMA"
NE,THURSTON,"Sioux City, IA - NE - SD DMA"
NE,VALLEY,"Lincoln & Hastings - Kearney Plus, NE - KS DMA"
NE,WASHINGTON,"Omaha, NE - IA - MO DMA"
NE,WAYNE,"Sioux City, IA - NE - SD DMA"
NE,WEBSTER,"Lincoln & Hastings - Kearney Plus, NE - KS DMA"
NE,WHEELER,"Lincoln & Hastings - Kearney Plus, NE - KS DMA"
NE,YORK,"Lincoln & Hastings - Kearney Plus, NE - KS DMA"
NV,CHURCHILL,"Reno, NV - CA DMA"
NV,CLARK,"Las Vegas, NV DMA"
NV,DOUGLAS,"Reno, NV - CA DMA"
NV,ELKO,"Salt Lake City, UT - ID - WY DMA"
NV,ESMERALDA,"Reno, NV - CA DMA"
NV,EUREKA,"Denver, CO - NE - NV - WY DMA"
NV,HUMBOLDT,"Reno, NV - CA DMA"
NV,LANDER,"Reno, NV - CA DMA"
NV,LINCOLN,"Las Vegas, NV DMA"
NV,LYON,"Reno, NV - CA DMA"
NV,MINERAL,"Reno, NV - CA DMA"
NV,NYE,"Las Vegas, NV DMA"
NV,PERSHING,"Reno, NV - CA DMA"
NV,STOREY,"Reno, NV - CA DMA"
NV,WASHOE,"Reno, NV - CA DMA"
NV,WHITE PINE,"Salt Lake City, UT - ID - WY DMA"
NV,CARSON CITY,"Reno, NV - CA DMA"
NH,BELKNAP,"Boston, MA - NH DMA"
NH,CARROLL,"Portland - Auburn, ME - NH - VT DMA"
NH,CHESHIRE,"Boston, MA - NH DMA"
NH,COOS,"Portland - Auburn, ME - NH - VT DMA"
NH,GRAFTON,"Burlington, VT - Plattsburgh, NY DMA"
NH,HILLSBOROUGH,"Boston, MA - NH DMA"
NH,MERRIMACK,"Boston, MA - NH DMA"
NH,ROCKINGHAM,"Boston, MA - NH DMA"
NH,STRAFFORD,"Boston, MA - NH DMA"
NH,SULLIVAN,"Burlington, VT - Plattsburgh, NY DMA"
NJ,ATLANTIC,"Philadelphia, PA - DE - NJ DMA"
NJ,BERGEN,"New York, NY - CT - NJ - PA DMA"
NJ,BURLINGTON,"Philadelphia, PA - DE - NJ DMA"
NJ,CAMDEN,"Philadelphia, PA - DE - NJ DMA"
NJ,CAPE MAY,"Philadelphia, PA - DE - NJ DMA"
NJ,CUMBERLAND,"Philadelphia, PA - DE - NJ DMA"
NJ,ESSEX,"New York, NY - CT - NJ - PA DMA"
NJ,GLOUCESTER,"Philadelphia, PA - DE - NJ DMA"
NJ,HUDSON,"New York, NY - CT - NJ - PA DMA"
NJ,HUNTERDON,"New York, NY - CT - NJ - PA DMA"
NJ,MERCER,"Philadelphia, PA - DE - NJ DMA"
NJ,MIDDLESEX,"New York, NY - CT - NJ - PA DMA"
NJ,MONMOUTH,"New York, NY - CT - NJ - PA DMA"
NJ,MORRIS,"New York, NY - CT - NJ - PA DMA"
NJ,OCEAN,"New York, NY - CT - NJ - PA DMA"
NJ,PASSAIC,"New York, NY - CT - NJ - PA DMA"
NJ,SALEM,"Philadelphia, PA - DE - NJ DMA"
NJ,SOMERSET,"New York, NY - CT - NJ - PA DMA"
NJ,SUSSEX,"New York, NY - CT - NJ - PA DMA"
NJ,UNION,"New York, NY - CT - NJ - PA DMA"
NJ,WARREN,"New York, NY - CT - NJ - PA DMA"
NM,BERNALILLO,"Albuquerque - Santa Fe, NM - AZ - CO DMA"
NM,CATRON,"Albuquerque - Santa Fe, NM - AZ - CO DMA"
NM,CHAVES,"Albuquerque - Santa Fe, NM - AZ - CO DMA"
NM,CIBOLA,"Albuquerque - Santa Fe, NM - AZ - CO DMA"
NM,COLFAX,"Albuquerque - Santa Fe, NM - AZ - CO DMA"
NM,CURRY,"Amarillo, TX -NM - OK DMA"
NM,DE BACA,"Albuquerque - Santa Fe, NM - AZ - CO DMA"
NM,DONA ANA,"El Paso, TX - NM DMA"
NM,EDDY,"Albuquerque - Santa Fe, NM - AZ - CO DMA"
NM,GRANT,"Albuquerque - Santa Fe, NM - AZ - CO DMA"
NM,GUADALUPE,"Albuquerque - Santa Fe, NM - AZ - CO DMA"
NM,HARDING,"Albuquerque - Santa Fe, NM - AZ - CO DMA"
NM,HIDALGO,"Albuquerque - Santa Fe, NM - AZ - CO DMA"
NM,LEA,"Albuquerque - Santa Fe, NM - AZ - CO DMA"
NM,LINCOLN,"Albuquerque - Santa Fe, NM - AZ - CO DMA"
NM,LOS ALAMOS,"Albuquerque - Santa Fe, NM - AZ - CO DMA"
NM,LUNA,"Albuquerque - Santa Fe, NM - AZ - CO DMA"
NM,MCKINLEY,"Albuquerque - Santa Fe, NM - AZ - CO DMA"
NM,MORA,"Albuquerque - Santa Fe, NM - AZ - CO DMA"
NM,OTERO,"Albuquerque - Santa Fe, NM - AZ - CO DMA"
NM,QUAY,"Amarillo, TX -NM - OK DMA"
NM,RIO ARRIBA,"Albuquerque - Santa Fe, NM - AZ - CO DMA"
NM,ROOSEVELT,"Amarillo, TX -NM - OK DMA"
NM,SANDOVAL,"Albuquerque - Santa Fe, NM - AZ - CO DMA"
NM,SAN JUAN,"Albuquerque - Santa Fe, NM - AZ - CO DMA"
NM,SAN MIGUEL,"Albuquerque - Santa Fe, NM - AZ - CO DMA"
NM,SANTA FE,"Albuquerque - Santa Fe, NM - AZ - CO DMA"
NM,SIERRA,"Albuquerque - Santa Fe, NM - AZ - CO DMA"
NM,SOCORRO,"Albuquerque - Santa Fe, NM - AZ - CO DMA"
NM,TAOS,"Albuquerque - Santa Fe, NM - AZ - CO DMA"
NM,TORRANCE,"Albuquerque - Santa Fe, NM - AZ - CO DMA"
NM,UNION,"Amarillo, TX -NM - OK DMA"
NM,VALENCIA,"Albuquerque - Santa Fe, NM - AZ - CO DMA"
NY,ALBANY,"Albany - Schenectady - Troy, NY - MA - VT DMA"
NY,ALLEGANY,"Buffalo, NY - PA DMA"
NY,BRONX,"New York, NY - CT - NJ - PA DMA"
NY,BROOME,"Binghamton, NY DMA"
NY,CATTARAUGUS,"Buffalo, NY - PA DMA"
NY,CAYUGA,"Syracuse, NY DMA*"
NY,CHAUTAUQUA,"Buffalo, NY - PA DMA"
NY,CHEMUNG,"Elmira, NY - PA DMA"
NY,CHENANGO,"Binghamton, NY DMA"
NY,CLINTON,"Burlington, VT - Plattsburgh, NY DMA"
NY,COLUMBIA,"Albany - Schenectady - Troy, NY - MA - VT DMA"
NY,CORTLAND,"Syracuse, NY DMA*"
NY,DELAWARE,"Binghamton, NY DMA"
NY,DUTCHESS,"New York, NY - CT - NJ - PA DMA"
NY,ERIE,"Buffalo, NY - PA DMA"
NY,ESSEX,"Burlington, VT - Plattsburgh, NY DMA"
NY,FRANKLIN,"Burlington, VT - Plattsburgh, NY DMA"
NY,FULTON,"Albany - Schenectady - Troy, NY - MA - VT DMA"
NY,GENESEE,"Buffalo, NY - PA DMA"
NY,GREENE,"Albany - Schenectady - Troy, NY - MA - VT DMA"
NY,HAMILTON,"Albany - Schenectady - Troy, NY - MA - VT DMA"
NY,HERKIMER,"Utica, NY DMA*"
NY,JEFFERSON,"Watertown, NY DMA"
NY,KINGS,"New York, NY - CT - NJ - PA DMA"
NY,LEWIS,"Watertown, NY DMA"
NY,LIVINGSTON,"Rochester, NY DMA"
NY,MADISON,"Syracuse, NY DMA*"
NY,MONROE,"Rochester, NY DMA"
NY,MONTGOMERY,"Albany - Schenectady - Troy, NY - MA - VT DMA"
NY,NASSAU,"New York, NY - CT - NJ - PA DMA"
NY,NEW YORK,"New York, NY - CT - NJ - PA DMA"
NY,NIAGARA,"Buffalo, NY - PA DMA"
NY,ONEIDA,"Utica, NY DMA*"
NY,ONONDAGA,"Syracuse, NY DMA*"
NY,ONTARIO,"Rochester, NY DMA"
NY,ORANGE,"New York, NY - CT - NJ - PA DMA"
NY,ORLEANS,"Buffalo, NY - PA DMA"
NY,OSWEGO,"Syracuse, NY DMA*"
NY,OTSEGO,"Utica, NY DMA*"
NY,PUTNAM,"New York, NY - CT - NJ - PA DMA"
NY,QUEENS,"New York, NY - CT - NJ - PA DMA"
NY,RENSSELAER,"Albany - Schenectady - Troy, NY - MA - VT DMA"
NY,RICHMOND,"New York, NY - CT - NJ - PA DMA"
NY,ROCKLAND,"New York, NY - CT - NJ - PA DMA"
NY,ST LAWRENCE,"Watertown, NY DMA"
NY,SARATOGA,"Albany - Schenectady - Troy, NY - MA - VT DMA"
NY,SCHENECTADY,"Albany - Schenectady - Troy, NY - MA - VT DMA"
NY,SCHOHARIE,"Albany - Schenectady - Troy, NY - MA - VT DMA"
NY,SCHUYLER,"Elmira, NY - PA DMA"
NY,SENECA,"Syracuse, NY DMA*"
NY,STEUBEN,"Elmira, NY - PA DMA"
NY,SUFFOLK,"New York, NY - CT - NJ - PA DMA"
NY,SULLIVAN,"New York, NY - CT - NJ - PA DMA"
NY,TIOGA,"Binghamton, NY DMA"
NY,TOMPKINS,"Syracuse, NY DMA*"
NY,ULSTER,"New York, NY - CT - NJ - PA DMA"
NY,WARREN,"Albany - Schenectady - Troy, NY - MA - VT DMA"
NY,WASHINGTON,"Albany - Schenectady - Troy, NY - MA - VT DMA"
NY,WAYNE,"Rochester, NY DMA"
NY,WESTCHESTER,"New York, NY - CT - NJ - PA DMA"
NY,WYOMING,"Buffalo, NY - PA DMA"
NY,YATES,"Rochester, NY DMA"
NC,ALAMANCE,"Greensboro - H.Point - W.Salem, NC - VA DMA"
NC,ALEXANDER,"Charlotte, NC - SC DMA"
NC,ALLEGHANY,"Greensboro - H.Point - W.Salem, NC - VA DMA"
NC,ANSON,"Charlotte, NC - SC DMA"
NC,ASHE,"Charlotte, NC - SC DMA"
NC,AVERY,"Charlotte, NC - SC DMA"
NC,BEAUFORT,"Greenville - New Bern - Washington, NC DMA"
NC,BERTIE,"Greenville - New Bern - Washington, NC DMA"
NC,BLADEN,"Wilmington, NC DMA"
NC,BRUNSWICK,"Wilmington, NC DMA"
NC,BUNCOMBE,"Greenville - Spartanburg, SC- Asheville - And., NC - GA  DMA"
NC,BURKE,"Charlotte, NC - SC DMA"
NC,CABARRUS,"Charlotte, NC - SC DMA"
NC,CALDWELL,"Charlotte, NC - SC DMA"
NC,CAMDEN,"Norfolk - Portsmouth - Newport News, VA - NC DMA"
NC,CARTERET,"Greenville - New Bern - Washington, NC DMA"
NC,CASWELL,"Greensboro - H.Point - W.Salem, NC - VA DMA"
NC,CATAWBA,"Charlotte, NC - SC DMA"
NC,CHATHAM,"Raleigh - Durham, NC - VA DMA"
NC,CHEROKEE,"Chattanooga, TN - GA - NC DMA"
NC,CHOWAN,"Norfolk - Portsmouth - Newport News, VA - NC DMA"
NC,CLAY,"Atlanta, GA - AL - NC DMA"
NC,CLEVELAND,"Charlotte, NC - SC DMA"
NC,COLUMBUS,"Wilmington, NC DMA"
NC,CRAVEN,"Greenville - New Bern - Washington, NC DMA"
NC,CUMBERLAND,"Raleigh - Durham, NC - VA DMA"
NC,CURRITUCK,"Norfolk - Portsmouth - Newport News, VA - NC DMA"
NC,DARE,"Norfolk - Portsmouth - Newport News, VA - NC DMA"
NC,DAVIDSON,"Greensboro - H.Point - W.Salem, NC - VA DMA"
NC,DAVIE,"Greensboro - H.Point - W.Salem, NC - VA DMA"
NC,DUPLIN,"Greenville - New Bern - Washington, NC DMA"
NC,DURHAM,"Raleigh - Durham, NC - VA DMA"
NC,EDGECOMBE,"Raleigh - Durham, NC - VA DMA"
NC,FORSYTH,"Greensboro - H.Point - W.Salem, NC - VA DMA"
NC,FRANKLIN,"Raleigh - Durham, NC - VA DMA"
NC,GASTON,"Charlotte, NC - SC DMA"
NC,GATES,"Norfolk - Portsmouth - Newport News, VA - NC DMA"
NC,GRAHAM,"Greenville - Spartanburg, SC- Asheville - And., NC - GA  DMA"
NC,GRANVILLE,"Raleigh - Durham, NC - VA DMA"
NC,GREENE,"Greenville - New Bern - Washington, NC DMA"
NC,GUILFORD,"Greensboro - H.Point - W.Salem, NC - VA DMA"
NC,HALIFAX,"Raleigh - Durham, NC - VA DMA"
NC,HARNETT,"Raleigh - Durham, NC - VA DMA"
NC,HAYWOOD,"Greenville - Spartanburg, SC- Asheville - And., NC - GA  DMA"
NC,HENDERSON,"Greenville - Spartanburg, SC- Asheville - And., NC - GA  DMA"
NC,HERTFORD,"Norfolk - Portsmouth - Newport News, VA - NC DMA"
NC,HOKE,"Raleigh - Durham, NC - VA DMA"
NC,HYDE,"Greenville - New Bern - Washington, NC DMA"
NC,IREDELL,"Charlotte, NC - SC DMA"
NC,JACKSON,"Greenville - Spartanburg, SC- Asheville - And., NC - GA  DMA"
NC,JOHNSTON,"Raleigh - Durham, NC - VA DMA"
NC,JONES,"Greenville - New Bern - Washington, NC DMA"
NC,LEE,"Raleigh - Durham, NC - VA DMA"
NC,LENOIR,"Greenville - New Bern - Washington, NC DMA"
NC,LINCOLN,"Charlotte, NC - SC DMA"
NC,MCDOWELL,"Greenville - Spartanburg, SC- Asheville - And., NC - GA  DMA"
NC,MACON,"Greenville - Spartanburg, SC- Asheville - And., NC - GA  DMA"
NC,MADISON,"Greenville - Spartanburg, SC- Asheville - And., NC - GA  DMA"
NC,MARTIN,"Greenville - New Bern - Washington, NC DMA"
NC,MECKLENBURG,"Charlotte, NC - SC DMA"
NC,MITCHELL,"Greenville - Spartanburg, SC- Asheville - And., NC - GA  DMA"
NC,MONTGOMERY,"Greensboro - H.Point - W.Salem, NC - VA DMA"
NC,MOORE,"Raleigh - Durham, NC - VA DMA"
NC,NASH,"Raleigh - Durham, NC - VA DMA"
NC,NEW HANOVER,"Wilmington, NC DMA"
NC,NORTHAMPTON,"Raleigh - Durham, NC - VA DMA"
NC,ONSLOW,"Greenville - New Bern - Washington, NC DMA"
NC,ORANGE,"Raleigh - Durham, NC - VA DMA"
NC,PAMLICO,"Greenville - New Bern - Washington, NC DMA"
NC,PASQUOTANK,"Norfolk - Portsmouth - Newport News, VA - NC DMA"
NC,PENDER,"Wilmington, NC DMA"
NC,PERQUIMANS,"Norfolk - Portsmouth - Newport News, VA - NC DMA"
NC,PERSON,"Raleigh - Durham, NC - VA DMA"
NC,PITT,"Greenville - New Bern - Washington, NC DMA"
NC,POLK,"Greenville - Spartanburg, SC- Asheville - And., NC - GA  DMA"
NC,RANDOLPH,"Greensboro - H.Point - W.Salem, NC - VA DMA"
NC,RICHMOND,"Charlotte, NC - SC DMA"
NC,ROBESON,"Florence - Myrtle Beach, SC - NC DMA"
NC,ROCKINGHAM,"Greensboro - H.Point - W.Salem, NC - VA DMA"
NC,ROWAN,"Charlotte, NC - SC DMA"
NC,RUTHERFORD,"Greenville - Spartanburg, SC- Asheville - And., NC - GA  DMA"
NC,SAMPSON,"Raleigh - Durham, NC - VA DMA"
NC,SCOTLAND,"Florence - Myrtle Beach, SC - NC DMA"
NC,STANLY,"Charlotte, NC - SC DMA"
NC,STOKES,"Greensboro - H.Point - W.Salem, NC - VA DMA"
NC,SURRY,"Greensboro - H.Point - W.Salem, NC - VA DMA"
NC,SWAIN,"Greenville - Spartanburg, SC- Asheville - And., NC - GA  DMA"
NC,TRANSYLVANIA,"Greenville - Spartanburg, SC- Asheville - And., NC - GA  DMA"
NC,TYRRELL,"Greenville - New Bern - Washington, NC DMA"
NC,UNION,"Charlotte, NC - SC DMA"
NC,VANCE,"Raleigh - Durham, NC - VA DMA"
NC,WAKE,"Raleigh - Durham, NC - VA DMA"
NC,WARREN,"Raleigh - Durham, NC - VA DMA"
NC,WASHINGTON,"Greenville - New Bern - Washington, NC DMA"
NC,WATAUGA,"Charlotte, NC - SC DMA"
NC,WAYNE,"Raleigh - Durham, NC - VA DMA"
NC,WILKES,"Greensboro - H.Point - W.Salem, NC - VA DMA"
NC,WILSON,"Raleigh - Durham, NC - VA DMA"
NC,YADKIN,"Greensboro - H.Point - W.Salem, NC - VA DMA"
NC,YANCEY,"Greenville - Spartanburg, SC- Asheville - And., NC - GA  DMA"
ND,ADAMS,"Minot - Bismarck - Dickinson, ND - MT - SD DMA"
ND,BARNES,"Fargo - Valley City, ND - MN DMA"
ND,BENSON,"Fargo - Valley City, ND - MN DMA"
ND,BILLINGS,"Minot - Bismarck - Dickinson, ND - MT - SD DMA"
ND,BOTTINEAU,"Minot - Bismarck - Dickinson, ND - MT - SD DMA"
ND,BOWMAN,"Minot - Bismarck - Dickinson, ND - MT - SD DMA"
ND,BURKE,"Minot - Bismarck - Dickinson, ND - MT - SD DMA"
ND,BURLEIGH,"Minot - Bismarck - Dickinson, ND - MT - SD DMA"
ND,CASS,"Fargo - Valley City, ND - MN DMA"
ND,CAVALIER,"Fargo - Valley City, ND - MN DMA"
ND,DICKEY,"Fargo - Valley City, ND - MN DMA"
ND,DIVIDE,"Minot - Bismarck - Dickinson, ND - MT - SD DMA"
ND,DUNN,"Minot - Bismarck - Dickinson, ND - MT - SD DMA"
ND,EDDY,"Fargo - Valley City, ND - MN DMA"
ND,EMMONS,"Minot - Bismarck - Dickinson, ND - MT - SD DMA"
ND,FOSTER,"Fargo - Valley City, ND - MN DMA"
ND,GOLDEN VALLEY,"Minot - Bismarck - Dickinson, ND - MT - SD DMA"
ND,GRAND FORKS,"Fargo - Valley City, ND - MN DMA"
ND,GRANT,"Minot - Bismarck - Dickinson, ND - MT - SD DMA"
ND,GRIGGS,"Fargo - Valley City, ND - MN DMA"
ND,HETTINGER,"Minot - Bismarck - Dickinson, ND - MT - SD DMA"
ND,KIDDER,"Minot - Bismarck - Dickinson, ND - MT - SD DMA"
ND,LA MOURE,"Fargo - Valley City, ND - MN DMA"
ND,LOGAN,"Minot - Bismarck - Dickinson, ND - MT - SD DMA"
ND,MCHENRY,"Minot - Bismarck - Dickinson, ND - MT - SD DMA"
ND,MCINTOSH,"Minot - Bismarck - Dickinson, ND - MT - SD DMA"
ND,MCKENZIE,"Minot - Bismarck - Dickinson, ND - MT - SD DMA"
ND,MCLEAN,"Minot - Bismarck - Dickinson, ND - MT - SD DMA"
ND,MERCER,"Minot - Bismarck - Dickinson, ND - MT - SD DMA"
ND,MORTON,"Minot - Bismarck - Dickinson, ND - MT - SD DMA"
ND,MOUNTRAIL,"Minot - Bismarck - Dickinson, ND - MT - SD DMA"
ND,NELSON,"Fargo - Valley City, ND - MN DMA"
ND,OLIVER,"Minot - Bismarck - Dickinson, ND - MT - SD DMA"
ND,PEMBINA,"Fargo - Valley City, ND - MN DMA"
ND,PIERCE,"Minot - Bismarck - Dickinson, ND - MT - SD DMA"
ND,RAMSEY,"Fargo - Valley City, ND - MN DMA"
ND,RANSOM,"Fargo - Valley City, ND - MN DMA"
ND,RENVILLE,"Minot - Bismarck - Dickinson, ND - MT - SD DMA"
ND,RICHLAND,"Fargo - Valley City, ND - MN DMA"
ND,ROLETTE,"Minot - Bismarck - Dickinson, ND - MT - SD DMA"
ND,SARGENT,"Fargo - Valley City, ND - MN DMA"
ND,SHERIDAN,"Minot - Bismarck - Dickinson, ND - MT - SD DMA"
ND,SIOUX,"Minot - Bismarck - Dickinson, ND - MT - SD DMA"
ND,SLOPE,"Minot - Bismarck - Dickinson, ND - MT - SD DMA"
ND,STARK,"Minot - Bismarck - Dickinson, ND - MT - SD DMA"
ND,STEELE,"Fargo - Valley City, ND - MN DMA"
ND,STUTSMAN,"Fargo - Valley City, ND - MN DMA"
ND,TOWNER,"Fargo - Valley City, ND - MN DMA"
ND,TRAILL,"Fargo - Valley City, ND - MN DMA"
ND,WALSH,"Fargo - Valley City, ND - MN DMA"
ND,WARD,"Minot - Bismarck - Dickinson, ND - MT - SD DMA"
ND,WELLS,"Minot - Bismarck - Dickinson, ND - MT - SD DMA"
OH,ADAMS,"Cincinnati, OH -IN - KY DMA"
OH,ALLEN,"Lima, OH DMA"
OH,ASHLAND,"Cleveland, OH DMA"
OH,ASHTABULA,"Cleveland, OH DMA"
OH,ATHENS,"Charleston - Huntington, WV - KY - OH DMA"
OH,AUGLAIZE,"Dayton, OH - IN DMA"
OH,BELMONT,"Wheeling - Steubenville, WV - OH DMA"
OH,BROWN,"Cincinnati, OH -IN - KY DMA"
OH,BUTLER,"Cincinnati, OH -IN - KY DMA"
OH,CARROLL,"Cleveland, OH DMA"
OH,CHAMPAIGN,"Dayton, OH - IN DMA"
OH,CLARK,"Dayton, OH - IN DMA"
OH,CLERMONT,"Cincinnati, OH -IN - KY DMA"
OH,CLINTON,"Cincinnati, OH -IN - KY DMA"
OH,COLUMBIANA,"Youngstown, OH - PA DMA"
OH,COSHOCTON,"Columbus, OH DMA"
OH,CRAWFORD,"Columbus, OH DMA"
OH,CUYAHOGA,"Cleveland, OH DMA"
OH,DARKE,"Dayton, OH - IN DMA"
OH,DEFIANCE,"Toledo, OH - MI DMA"
OH,DELAWARE,"Columbus, OH DMA"
OH,ERIE,"Cleveland, OH DMA"
OH,FAIRFIELD,"Columbus, OH DMA"
OH,FAYETTE,"Columbus, OH DMA"
OH,FRANKLIN,"Columbus, OH DMA"
OH,FULTON,"Toledo, OH - MI DMA"
OH,GALLIA,"Charleston - Huntington, WV - KY - OH DMA"
OH,GEAUGA,"Cleveland, OH DMA"
OH,GREENE,"Dayton, OH - IN DMA"
OH,GUERNSEY,"Wheeling - Steubenville, WV - OH DMA"
OH,HAMILTON,"Cincinnati, OH -IN - KY DMA"
OH,HANCOCK,"Toledo, OH - MI DMA"
OH,HARDIN,"Columbus, OH DMA"
OH,HARRISON,"Wheeling - Steubenville, WV - OH DMA"
OH,HENRY,"Toledo, OH - MI DMA"
OH,HIGHLAND,"Cincinnati, OH -IN - KY DMA"
OH,HOCKING,"Columbus, OH DMA"
OH,HOLMES,"Cleveland, OH DMA"
OH,HURON,"Cleveland, OH DMA"
OH,JACKSON,"Charleston - Huntington, WV - KY - OH DMA"
OH,JEFFERSON,"Wheeling - Steubenville, WV - OH DMA"
OH,KNOX,"Columbus, OH DMA"
OH,LAKE,"Cleveland, OH DMA"
OH,LAWRENCE,"Charleston - Huntington, WV - KY - OH DMA"
OH,LICKING,"Columbus, OH DMA"
OH,LOGAN,"Dayton, OH - IN DMA"
OH,LORAIN,"Cleveland, OH DMA"
OH,LUCAS,"Toledo, OH - MI DMA"
OH,MADISON,"Columbus, OH DMA"
OH,MAHONING,"Youngstown, OH - PA DMA"
OH,MARION,"Columbus, OH DMA"
OH,MEDINA,"Cleveland, OH DMA"
OH,MEIGS,"Charleston - Huntington, WV - KY - OH DMA"
OH,MERCER,"Dayton, OH - IN DMA"
OH,MIAMI,"Dayton, OH - IN DMA"
OH,MONROE,"Wheeling - Steubenville, WV - OH DMA"
OH,MONTGOMERY,"Dayton, OH - IN DMA"
OH,MORGAN,"Columbus, OH DMA"
OH,MORROW,"Columbus, OH DMA"
OH,MUSKINGUM,"Zanesville, OH DMA"
OH,NOBLE,"Wheeling - Steubenville, WV - OH DMA"
OH,OTTAWA,"Toledo, OH - MI DMA"
OH,PAULDING,"Ft. Wayne, IN - OH DMA"
OH,PERRY,"Columbus, OH DMA"
OH,PICKAWAY,"Columbus, OH DMA"
OH,PIKE,"Columbus, OH DMA"
OH,PORTAGE,"Cleveland, OH DMA"
OH,PREBLE,"Dayton, OH - IN DMA"
OH,PUTNAM,"Toledo, OH - MI DMA"
OH,RICHLAND,"Cleveland, OH DMA"
OH,ROSS,"Columbus, OH DMA"
OH,SANDUSKY,"Toledo, OH - MI DMA"
OH,SCIOTO,"Charleston - Huntington, WV - KY - OH DMA"
OH,SENECA,"Toledo, OH - MI DMA"
OH,SHELBY,"Dayton, OH - IN DMA"
OH,STARK,"Cleveland, OH DMA"
OH,SUMMIT,"Cleveland, OH DMA"
OH,TRUMBULL,"Youngstown, OH - PA DMA"
OH,TUSCARAWAS,"Cleveland, OH DMA"
OH,UNION,"Columbus, OH DMA"
OH,VAN WERT,"Ft. Wayne, IN - OH DMA"
OH,VINTON,"Charleston - Huntington, WV - KY - OH DMA"
OH,WARREN,"Cincinnati, OH -IN - KY DMA"
OH,WASHINGTON,"Parkersburg, WV - OH DMA"
OH,WAYNE,"Cleveland, OH DMA"
OH,WILLIAMS,"Toledo, OH - MI DMA"
OH,WOOD,"Toledo, OH - MI DMA"
OH,WYANDOT,"Toledo, OH - MI DMA"
OK,ADAIR,"Tulsa, OK - KS DMA"
OK,ALFALFA,"Oklahoma City, OK DMA"
OK,ATOKA,"Sherman - Ada, OK - TX DMA"
OK,BEAVER,"Amarillo, TX -NM - OK DMA"
OK,BECKHAM,"Oklahoma City, OK DMA"
OK,BLAINE,"Oklahoma City, OK DMA"
OK,BRYAN,"Sherman - Ada, OK - TX DMA"
OK,CADDO,"Oklahoma City, OK DMA"
OK,CANADIAN,"Oklahoma City, OK DMA"
OK,CARTER,"Sherman - Ada, OK - TX DMA"
OK,CHEROKEE,"Tulsa, OK - KS DMA"
OK,CHOCTAW,"Sherman - Ada, OK - TX DMA"
OK,CIMARRON,"Amarillo, TX -NM - OK DMA"
OK,CLEVELAND,"Oklahoma City, OK DMA"
OK,COAL,"Sherman - Ada, OK - TX DMA"
OK,COMANCHE,"Wichita Falls & Lawton, TX - OK DMA"
OK,COTTON,"Wichita Falls & Lawton, TX - OK DMA"
OK,CRAIG,"Tulsa, OK - KS DMA"
OK,CREEK,"Tulsa, OK - KS DMA"
OK,CUSTER,"Oklahoma City, OK DMA"
OK,DELAWARE,"Tulsa, OK - KS DMA"
OK,DEWEY,"Oklahoma City, OK DMA"
OK,ELLIS,"Oklahoma City, OK DMA"
OK,GARFIELD,"Oklahoma City, OK DMA"
OK,GARVIN,"Oklahoma City, OK DMA"
OK,GRADY,"Oklahoma City, OK DMA"
OK,GRANT,"Oklahoma City, OK DMA"
OK,GREER,"Oklahoma City, OK DMA"
OK,HARMON,"Oklahoma City, OK DMA"
OK,HARPER,"Oklahoma City, OK DMA"
OK,HASKELL,"Tulsa, OK - KS DMA"
OK,HUGHES,"Oklahoma City, OK DMA"
OK,JACKSON,"Wichita Falls & Lawton, TX - OK DMA"
OK,JEFFERSON,"Wichita Falls & Lawton, TX - OK DMA"
OK,JOHNSTON,"Sherman - Ada, OK - TX DMA"
OK,KAY,"Oklahoma City, OK DMA"
OK,KINGFISHER,"Oklahoma City, OK DMA"
OK,KIOWA,"Oklahoma City, OK DMA"
OK,LATIMER,"Tulsa, OK - KS DMA"
OK,LE FLORE,"Ft. Smith - Fay - Springdale - Rogers, AR - OK DMA"
OK,LINCOLN,"Oklahoma City, OK DMA"
OK,LOGAN,"Oklahoma City, OK DMA"
OK,LOVE,"Sherman - Ada, OK - TX DMA"
OK,MCCLAIN,"Oklahoma City, OK DMA"
OK,MCCURTAIN,"Shreveport, LA - AR - OK - TX DMA"
OK,MCINTOSH,"Tulsa, OK - KS DMA"
OK,MAJOR,"Oklahoma City, OK DMA"
OK,MARSHALL,"Sherman - Ada, OK - TX DMA"
OK,MAYES,"Tulsa, OK - KS DMA"
OK,MURRAY,"Oklahoma City, OK DMA"
OK,MUSKOGEE,"Tulsa, OK - KS DMA"
OK,NOBLE,"Oklahoma City, OK DMA"
OK,NOWATA,"Tulsa, OK - KS DMA"
OK,OKFUSKEE,"Tulsa, OK - KS DMA"
OK,OKLAHOMA,"Oklahoma City, OK DMA"
OK,OKMULGEE,"Tulsa, OK - KS DMA"
OK,OSAGE,"Tulsa, OK - KS DMA"
OK,OTTAWA,"Joplin - Pittsburg, MO - KS - OK DMA"
OK,PAWNEE,"Tulsa, OK - KS DMA"
OK,PAYNE,"Oklahoma City, OK DMA"
OK,PITTSBURG,"Tulsa, OK - KS DMA"
OK,PONTOTOC,"Sherman - Ada, OK - TX DMA"
OK,POTTAWATOMIE,"Oklahoma City, OK DMA"
OK,PUSHMATAHA,"Sherman - Ada, OK - TX DMA"
OK,ROGER MILLS,"Oklahoma City, OK DMA"
OK,ROGERS,"Tulsa, OK - KS DMA"
OK,SEMINOLE,"Oklahoma City, OK DMA"
OK,SEQUOYAH,"Ft. Smith - Fay - Springdale - Rogers, AR - OK DMA"
OK,STEPHENS,"Wichita Falls & Lawton, TX - OK DMA"
OK,TEXAS,"Amarillo, TX -NM - OK DMA"
OK,TILLMAN,"Wichita Falls & Lawton, TX - OK DMA"
OK,TULSA,"Tulsa, OK - KS DMA"
OK,WAGONER,"Tulsa, OK - KS DMA"
OK,WASHINGTON,"Tulsa, OK - KS DMA"
OK,WASHITA,"Oklahoma City, OK DMA"
OK,WOODS,"Oklahoma City, OK DMA"
OK,WOODWARD,"Oklahoma City, OK DMA"
OR,BAKER,"Portland, OR - WA DMA"
OR,BENTON,"Eugene, OR DMA"
OR,CLACKAMAS,"Portland, OR - WA DMA"
OR,CLATSOP,"Portland, OR - WA DMA"
OR,COLUMBIA,"Portland, OR - WA DMA"
OR,COOS,"Eugene, OR DMA"
OR,CROOK,"Portland, OR - WA DMA"
OR,CURRY,"Medford - Klamath Falls, OR - CA DMA"
OR,DESCHUTES,"Bend, OR DMA"
OR,DOUGLAS,"Eugene, OR DMA"
OR,GILLIAM,"Portland, OR - WA DMA"
OR,GRANT,"Boise, ID - OR DMA"
OR,HARNEY,"Portland, OR - WA DMA"
OR,HOOD RIVER,"Portland, OR - WA DMA"
OR,JACKSON,"Medford - Klamath Falls, OR - CA DMA"
OR,JEFFERSON,"Portland, OR - WA DMA"
OR,JOSEPHINE,"Medford - Klamath Falls, OR - CA DMA"
OR,KLAMATH,"Medford - Klamath Falls, OR - CA DMA"
OR,LAKE,"Medford - Klamath Falls, OR - CA DMA"
OR,LANE,"Eugene, OR DMA"
OR,LINCOLN,"Portland, OR - WA DMA"
OR,LINN,"Portland, OR - WA DMA"
OR,MALHEUR,"Boise, ID - OR DMA"
OR,MARION,"Portland, OR - WA DMA"
OR,MORROW,"Yakima - Pasco - Richland - Kennewick, WA - OR DMA"
OR,MULTNOMAH,"Portland, OR - WA DMA"
OR,POLK,"Portland, OR - WA DMA"
OR,SHERMAN,"Portland, OR - WA DMA"
OR,TILLAMOOK,"Portland, OR - WA DMA"
OR,UMATILLA,"Yakima - Pasco - Richland - Kennewick, WA - OR DMA"
OR,UNION,"Portland, OR - WA DMA"
OR,WALLOWA,"Spokane, WA - ID - MT - OR DMA"
OR,WASCO,"Portland, OR - WA DMA"
OR,WASHINGTON,"Portland, OR - WA DMA"
OR,WHEELER,"Portland, OR - WA DMA"
OR,YAMHILL,"Portland, OR - WA DMA"
PA,ADAMS,"Harrisburg - Lancaster - Lebanon - York, PA DMA"
PA,ALLEGHENY,"Pittsburgh, PA - MD- WV DMA"
PA,ARMSTRONG,"Pittsburgh, PA - MD- WV DMA"
PA,BEAVER,"Pittsburgh, PA - MD- WV DMA"
PA,BEDFORD,"Johnstown - Altoona, PA DMA"
PA,BERKS,"Philadelphia, PA - DE - NJ DMA"
PA,BLAIR,"Johnstown - Altoona, PA DMA"
PA,BRADFORD,"Wilkes Barre - Scranton, PA DMA"
PA,BUCKS,"Philadelphia, PA - DE - NJ DMA"
PA,BUTLER,"Pittsburgh, PA - MD- WV DMA"
PA,CAMBRIA,"Johnstown - Altoona, PA DMA"
PA,CAMERON,"Johnstown - Altoona, PA DMA"
PA,CARBON,"Wilkes Barre - Scranton, PA DMA"
PA,CENTRE,"Johnstown - Altoona, PA DMA"
PA,CHESTER,"Philadelphia, PA - DE - NJ DMA"
PA,CLARION,"Pittsburgh, PA - MD- WV DMA"
PA,CLEARFIELD,"Johnstown - Altoona, PA DMA"
PA,CLINTON,"Wilkes Barre - Scranton, PA DMA"
PA,COLUMBIA,"Wilkes Barre - Scranton, PA DMA"
PA,CRAWFORD,"Erie, PA DMA"
PA,CUMBERLAND,"Harrisburg - Lancaster - Lebanon - York, PA DMA"
PA,DAUPHIN,"Harrisburg - Lancaster - Lebanon - York, PA DMA"
PA,DELAWARE,"Philadelphia, PA - DE - NJ DMA"
PA,ELK,"Johnstown - Altoona, PA DMA"
PA,ERIE,"Erie, PA DMA"
PA,FAYETTE,"Pittsburgh, PA - MD- WV DMA"
PA,FOREST,"Johnstown - Altoona, PA DMA"
PA,FRANKLIN,"Washington, DC - MD - PA - VA - WV DMA"
PA,FULTON,"Washington, DC - MD - PA - VA - WV DMA"
PA,GREENE,"Pittsburgh, PA - MD- WV DMA"
PA,HUNTINGDON,"Johnstown - Altoona, PA DMA"
PA,INDIANA,"Pittsburgh, PA - MD- WV DMA"
PA,JEFFERSON,"Johnstown - Altoona, PA DMA"
PA,JUNIATA,"Harrisburg - Lancaster - Lebanon - York, PA DMA"
PA,LACKAWANNA,"Wilkes Barre - Scranton, PA DMA"
PA,LANCASTER,"Harrisburg - Lancaster - Lebanon - York, PA DMA"
PA,LAWRENCE,"Pittsburgh, PA - MD- WV DMA"
PA,LEBANON,"Harrisburg - Lancaster - Lebanon - York, PA DMA"
PA,LEHIGH,"Philadelphia, PA - DE - NJ DMA"
PA,LUZERNE,"Wilkes Barre - Scranton, PA DMA"
PA,LYCOMING,"Wilkes Barre - Scranton, PA DMA"
PA,MCKEAN,"Buffalo, NY - PA DMA"
PA,MERCER,"Youngstown, OH - PA DMA"
PA,MIFFLIN,"Harrisburg - Lancaster - Lebanon - York, PA DMA"
PA,MONROE,"Wilkes Barre - Scranton, PA DMA"
PA,MONTGOMERY,"Philadelphia, PA - DE - NJ DMA"
PA,MONTOUR,"Wilkes Barre - Scranton, PA DMA"
PA,NORTHAMPTON,"Philadelphia, PA - DE - NJ DMA"
PA,NORTHUMBERLAND,"Wilkes Barre - Scranton, PA DMA"
PA,PERRY,"Harrisburg - Lancaster - Lebanon - York, PA DMA"
PA,PHILADELPHIA,"Philadelphia, PA - DE - NJ DMA"
PA,PIKE,"New York, NY - CT - NJ - PA DMA"
PA,POTTER,"Buffalo, NY - PA DMA"
PA,SCHUYLKILL,"Wilkes Barre - Scranton, PA DMA"
PA,SNYDER,"Wilkes Barre - Scranton, PA DMA"
PA,SOMERSET,"Johnstown - Altoona, PA DMA"
PA,SULLIVAN,"Wilkes Barre - Scranton, PA DMA"
PA,SUSQUEHANNA,"Wilkes Barre - Scranton, PA DMA"
PA,TIOGA,"Elmira, NY - PA DMA"
PA,UNION,"Wilkes Barre - Scranton, PA DMA"
PA,VENANGO,"Pittsburgh, PA - MD- WV DMA"
PA,WARREN,"Erie, PA DMA"
PA,WASHINGTON,"Pittsburgh, PA - MD- WV DMA"
PA,WAYNE,"Wilkes Barre - Scranton, PA DMA"
PA,WESTMORELAND,"Pittsburgh, PA - MD- WV DMA"
PA,WYOMING,"Wilkes Barre - Scranton, PA DMA"
PA,YORK,"Harrisburg - Lancaster - Lebanon - York, PA DMA"
RI,BRISTOL,"Providence, RI - New Bedford, MA DMA"
RI,KENT,"Providence, RI - New Bedford, MA DMA"
RI,NEWPORT,"Providence, RI - New Bedford, MA DMA"
RI,PROVIDENCE,"Providence, RI - New Bedford, MA DMA"
RI,WASHINGTON,"Providence, RI - New Bedford, MA DMA"
SC,ABBEVILLE,"Greenville - Spartanburg, SC- Asheville - And., NC - GA  DMA"
SC,AIKEN,"Augusta, GA - SC DMA"
SC,ALLENDALE,"Augusta, GA - SC DMA"
SC,ANDERSON,"Greenville - Spartanburg, SC- Asheville - And., NC - GA  DMA"
SC,BAMBERG,"Augusta, GA - SC DMA"
SC,BARNWELL,"Augusta, GA - SC DMA"
SC,BEAUFORT,"Savannah, GA - SC DMA"
SC,BERKELEY,"Charleston, SC DMA"
SC,CALHOUN,"Columbia, SC DMA"
SC,CHARLESTON,"Charleston, SC DMA"
SC,CHEROKEE,"Greenville - Spartanburg, SC- Asheville - And., NC - GA  DMA"
SC,CHESTER,"Charlotte, NC - SC DMA"
SC,CHESTERFIELD,"Charlotte, NC - SC DMA"
SC,CLARENDON,"Columbia, SC DMA"
SC,COLLETON,"Charleston, SC DMA"
SC,DARLINGTON,"Florence - Myrtle Beach, SC - NC DMA"
SC,DILLON,"Florence - Myrtle Beach, SC - NC DMA"
SC,DORCHESTER,"Charleston, SC DMA"
SC,EDGEFIELD,"Augusta, GA - SC DMA"
SC,FAIRFIELD,"Columbia, SC DMA"
SC,FLORENCE,"Florence - Myrtle Beach, SC - NC DMA"
SC,GEORGETOWN,"Charleston, SC DMA"
SC,GREENVILLE,"Greenville - Spartanburg, SC- Asheville - And., NC - GA  DMA"
SC,GREENWOOD,"Greenville - Spartanburg, SC- Asheville - And., NC - GA  DMA"
SC,HAMPTON,"Savannah, GA - SC DMA"
SC,HORRY,"Florence - Myrtle Beach, SC - NC DMA"
SC,JASPER,"Savannah, GA - SC DMA"
SC,KERSHAW,"Columbia, SC DMA"
SC,LANCASTER,"Charlotte, NC - SC DMA"
SC,LAURENS,"Greenville - Spartanburg, SC- Asheville - And., NC - GA  DMA"
SC,LEE,"Columbia, SC DMA"
SC,LEXINGTON,"Columbia, SC DMA"
SC,MCCORMICK,"Augusta, GA - SC DMA"
SC,MARION,"Florence - Myrtle Beach, SC - NC DMA"
SC,MARLBORO,"Florence - Myrtle Beach, SC - NC DMA"
SC,NEWBERRY,"Columbia, SC DMA"
SC,OCONEE,"Greenville - Spartanburg, SC- Asheville - And., NC - GA  DMA"
SC,ORANGEBURG,"Columbia, SC DMA"
SC,PICKENS,"Greenville - Spartanburg, SC- Asheville - And., NC - GA  DMA"
SC,RICHLAND,"Columbia, SC DMA"
SC,SALUDA,"Augusta, GA - SC DMA"
SC,SPARTANBURG,"Greenville - Spartanburg, SC- Asheville - And., NC - GA  DMA"
SC,SUMTER,"Columbia, SC DMA"
SC,UNION,"Greenville - Spartanburg, SC- Asheville - And., NC - GA  DMA"
SC,WILLIAMSBURG,"Charleston, SC DMA"
SC,YORK,"Charlotte, NC - SC DMA"
SD,AURORA,"Sioux Falls (Mitchell), SD - IA - MN - NE DMA"
SD,BEADLE,"Sioux Falls (Mitchell), SD - IA - MN - NE DMA"
SD,BENNETT,"Rapid City, SD - MT - NE - WY DMA"
SD,BON HOMME,"Sioux Falls (Mitchell), SD - IA - MN - NE DMA"
SD,BROOKINGS,"Sioux Falls (Mitchell), SD - IA - MN - NE DMA"
SD,BROWN,"Sioux Falls (Mitchell), SD - IA - MN - NE DMA"
SD,BRULE,"Sioux Falls (Mitchell), SD - IA - MN - NE DMA"
SD,BUFFALO,"Sioux Falls (Mitchell), SD - IA - MN - NE DMA"
SD,BUTTE,"Rapid City, SD - MT - NE - WY DMA"
SD,CAMPBELL,"Minot - Bismarck - Dickinson, ND - MT - SD DMA"
SD,CHARLES MIX,"Sioux Falls (Mitchell), SD - IA - MN - NE DMA"
SD,CLARK,"Sioux Falls (Mitchell), SD - IA - MN - NE DMA"
SD,CLAY,"Sioux Falls (Mitchell), SD - IA - MN - NE DMA"
SD,CODINGTON,"Sioux Falls (Mitchell), SD - IA - MN - NE DMA"
SD,CORSON,"Minot - Bismarck - Dickinson, ND - MT - SD DMA"
SD,CUSTER,"Rapid City, SD - MT - NE - WY DMA"
SD,DAVISON,"Sioux Falls (Mitchell), SD - IA - MN - NE DMA"
SD,DAY,"Sioux Falls (Mitchell), SD - IA - MN - NE DMA"
SD,DEUEL,"Sioux Falls (Mitchell), SD - IA - MN - NE DMA"
SD,DEWEY,"Minot - Bismarck - Dickinson, ND - MT - SD DMA"
SD,DOUGLAS,"Sioux Falls (Mitchell), SD - IA - MN - NE DMA"
SD,EDMUNDS,"Sioux Falls (Mitchell), SD - IA - MN - NE DMA"
SD,FALL RIVER,"Rapid City, SD - MT - NE - WY DMA"
SD,FAULK,"Sioux Falls (Mitchell), SD - IA - MN - NE DMA"
SD,GRANT,"Sioux Falls (Mitchell), SD - IA - MN - NE DMA"
SD,GREGORY,"Sioux Falls (Mitchell), SD - IA - MN - NE DMA"
SD,HAAKON,"Rapid City, SD - MT - NE - WY DMA"
SD,HAMLIN,"Sioux Falls (Mitchell), SD - IA - MN - NE DMA"
SD,HAND,"Sioux Falls (Mitchell), SD - IA - MN - NE DMA"
SD,HANSON,"Sioux Falls (Mitchell), SD - IA - MN - NE DMA"
SD,HARDING,"Rapid City, SD - MT - NE - WY DMA"
SD,HUGHES,"Sioux Falls (Mitchell), SD - IA - MN - NE DMA"
SD,HUTCHINSON,"Sioux Falls (Mitchell), SD - IA - MN - NE DMA"
SD,HYDE,"Sioux Falls (Mitchell), SD - IA - MN - NE DMA"
SD,JACKSON,"Rapid City, SD - MT - NE - WY DMA"
SD,JERAULD,"Sioux Falls (Mitchell), SD - IA - MN - NE DMA"
SD,JONES,"Sioux Falls (Mitchell), SD - IA - MN - NE DMA"
SD,KINGSBURY,"Sioux Falls (Mitchell), SD - IA - MN - NE DMA"
SD,LAKE,"Sioux Falls (Mitchell), SD - IA - MN - NE DMA"
SD,LAWRENCE,"Rapid City, SD - MT - NE - WY DMA"
SD,LINCOLN,"Sioux Falls (Mitchell), SD - IA - MN - NE DMA"
SD,LYMAN,"Sioux Falls (Mitchell), SD - IA - MN - NE DMA"
SD,MCCOOK,"Sioux Falls (Mitchell), SD - IA - MN - NE DMA"
SD,MCPHERSON,"Sioux Falls (Mitchell), SD - IA - MN - NE DMA"
SD,MARSHALL,"Sioux Falls (Mitchell), SD - IA - MN - NE DMA"
SD,MEADE,"Rapid City, SD - MT - NE - WY DMA"
SD,MELLETTE,"Sioux Falls (Mitchell), SD - IA - MN - NE DMA"
SD,MINER,"Sioux Falls (Mitchell), SD - IA - MN - NE DMA"
SD,MINNEHAHA,"Sioux Falls (Mitchell), SD - IA - MN - NE DMA"
SD,MOODY,"Sioux Falls (Mitchell), SD - IA - MN - NE DMA"
SD,PENNINGTON,"Rapid City, SD - MT - NE - WY DMA"
SD,PERKINS,"Minot - Bismarck - Dickinson, ND - MT - SD DMA"
SD,POTTER,"Sioux Falls (Mitchell), SD - IA - MN - NE DMA"
SD,ROBERTS,"Sioux Falls (Mitchell), SD - IA - MN - NE DMA"
SD,SANBORN,"Sioux Falls (Mitchell), SD - IA - MN - NE DMA"
SD,SHANNON,"Rapid City, SD - MT - NE - WY DMA"
SD,SPINK,"Sioux Falls (Mitchell), SD - IA - MN - NE DMA"
SD,STANLEY,"Sioux Falls (Mitchell), SD - IA - MN - NE DMA"
SD,SULLY,"Sioux Falls (Mitchell), SD - IA - MN - NE DMA"
SD,TODD,"Sioux Falls (Mitchell), SD - IA - MN - NE DMA"
SD,TRIPP,"Sioux Falls (Mitchell), SD - IA - MN - NE DMA"
SD,TURNER,"Sioux Falls (Mitchell), SD - IA - MN - NE DMA"
SD,UNION,"Sioux City, IA - NE - SD DMA"
SD,WALWORTH,"Sioux Falls (Mitchell), SD - IA - MN - NE DMA"
SD,YANKTON,"Sioux Falls (Mitchell), SD - IA - MN - NE DMA"
SD,ZIEBACH,"Rapid City, SD - MT - NE - WY DMA"
STATE_AB,COUNTY,TVDMA
STATE_AB,COUNTY,TVDMA
STATE_AB,COUNTY,TVDMA
STATE_AB,COUNTY,TVDMA
STATE_AB,COUNTY,TVDMA
STATE_AB,COUNTY,TVDMA
STATE_AB,COUNTY,TVDMA
STATE_AB,COUNTY,TVDMA
STATE_AB,COUNTY,TVDMA
TN,ANDERSON,"Knoxville, TN - KY DMA"
TN,BEDFORD,"Nashville, TN - KY DMA"
TN,BENTON,"Nashville, TN - KY DMA"
TN,BLEDSOE,"Chattanooga, TN - GA - NC DMA"
TN,BLOUNT,"Knoxville, TN - KY DMA"
TN,BRADLEY,"Chattanooga, TN - GA - NC DMA"
TN,CAMPBELL,"Knoxville, TN - KY DMA"
TN,CANNON,"Nashville, TN - KY DMA"
TN,CARROLL,"Jackson, TN DMA"
TN,CARTER,"Tri - Cities, TN - VA - KY DMA"
TN,CHEATHAM,"Nashville, TN - KY DMA"
TN,CHESTER,"Memphis, TN - AR- MS - MO DMA"
TN,CLAIBORNE,"Knoxville, TN - KY DMA"
TN,CLAY,"Nashville, TN - KY DMA"
TN,COCKE,"Knoxville, TN - KY DMA"
TN,COFFEE,"Nashville, TN - KY DMA"
TN,CROCKETT,"Memphis, TN - AR- MS - MO DMA"
TN,CUMBERLAND,"Knoxville, TN - KY DMA"
TN,DAVIDSON,"Nashville, TN - KY DMA"
TN,DECATUR,"Nashville, TN - KY DMA"
TN,DE KALB,"Nashville, TN - KY DMA"
TN,DICKSON,"Nashville, TN - KY DMA"
TN,DYER,"Memphis, TN - AR- MS - MO DMA"
TN,FAYETTE,"Memphis, TN - AR- MS - MO DMA"
TN,FENTRESS,"Knoxville, TN - KY DMA"
TN,FRANKLIN,"Nashville, TN - KY DMA"
TN,GIBSON,"Memphis, TN - AR- MS - MO DMA"
TN,GILES,"Nashville, TN - KY DMA"
TN,GRAINGER,"Knoxville, TN - KY DMA"
TN,GREENE,"Tri - Cities, TN - VA - KY DMA"
TN,GRUNDY,"Chattanooga, TN - GA - NC DMA"
TN,HAMBLEN,"Knoxville, TN - KY DMA"
TN,HAMILTON,"Chattanooga, TN - GA - NC DMA"
TN,HANCOCK,"Knoxville, TN - KY DMA"
TN,HARDEMAN,"Memphis, TN - AR- MS - MO DMA"
TN,HARDIN,"Jackson, TN DMA"
TN,HAWKINS,"Tri - Cities, TN - VA - KY DMA"
TN,HAYWOOD,"Memphis, TN - AR- MS - MO DMA"
TN,HENDERSON,"Jackson, TN DMA"
TN,HENRY,"Nashville, TN - KY DMA"
TN,HICKMAN,"Nashville, TN - KY DMA"
TN,HOUSTON,"Nashville, TN - KY DMA"
TN,HUMPHREYS,"Nashville, TN - KY DMA"
TN,JACKSON,"Nashville, TN - KY DMA"
TN,JEFFERSON,"Knoxville, TN - KY DMA"
TN,JOHNSON,"Tri - Cities, TN - VA - KY DMA"
TN,KNOX,"Knoxville, TN - KY DMA"
TN,LAKE,"Paducah - Cape Giradeau - Harrisburg, KY - IL - MO - TN DMA"
TN,LAUDERDALE,"Memphis, TN - AR- MS - MO DMA"
TN,LAWRENCE,"Nashville, TN - KY DMA"
TN,LEWIS,"Nashville, TN - KY DMA"
TN,LINCOLN,"Huntsville - Decatur - Florence, AL - TN DMA"
TN,LOUDON,"Knoxville, TN - KY DMA"
TN,MCMINN,"Chattanooga, TN - GA - NC DMA"
TN,MCNAIRY,"Memphis, TN - AR- MS - MO DMA"
TN,MACON,"Nashville, TN - KY DMA"
TN,MADISON,"Jackson, TN DMA"
TN,MARION,"Chattanooga, TN - GA - NC DMA"
TN,MARSHALL,"Nashville, TN - KY DMA"
TN,MAURY,"Nashville, TN - KY DMA"
TN,MEIGS,"Chattanooga, TN - GA - NC DMA"
TN,MONROE,"Knoxville, TN - KY DMA"
TN,MONTGOMERY,"Nashville, TN - KY DMA"
TN,MOORE,"Nashville, TN - KY DMA"
TN,MORGAN,"Knoxville, TN - KY DMA"
TN,OBION,"Paducah - Cape Giradeau - Harrisburg, KY - IL - MO - TN DMA"
TN,OVERTON,"Nashville, TN - KY DMA"
TN,PERRY,"Nashville, TN - KY DMA"
TN,PICKETT,"Nashville, TN - KY DMA"
TN,POLK,"Chattanooga, TN - GA - NC DMA"
TN,PUTNAM,"Nashville, TN - KY DMA"
TN,RHEA,"Chattanooga, TN - GA - NC DMA"
TN,ROANE,"Knoxville, TN - KY DMA"
TN,ROBERTSON,"Nashville, TN - KY DMA"
TN,RUTHERFORD,"Nashville, TN - KY DMA"
TN,SCOTT,"Knoxville, TN - KY DMA"
TN,SEQUATCHIE,"Chattanooga, TN - GA - NC DMA"
TN,SEVIER,"Knoxville, TN - KY DMA"
TN,SHELBY,"Memphis, TN - AR- MS - MO DMA"
TN,SMITH,"Nashville, TN - KY DMA"
TN,STEWART,"Nashville, TN - KY DMA"
TN,SULLIVAN,"Tri - Cities, TN - VA - KY DMA"
TN,SUMNER,"Nashville, TN - KY DMA"
TN,TIPTON,"Memphis, TN - AR- MS - MO DMA"
TN,TROUSDALE,"Nashville, TN - KY DMA"
TN,UNICOI,"Tri - Cities, TN - VA - KY DMA"
TN,UNION,"Knoxville, TN - KY DMA"
TN,VAN BUREN,"Nashville, TN - KY DMA"
TN,WARREN,"Nashville, TN - KY DMA"
TN,WASHINGTON,"Tri - Cities, TN - VA - KY DMA"
TN,WAYNE,"Huntsville - Decatur - Florence, AL - TN DMA"
TN,WEAKLEY,"Paducah - Cape Giradeau - Harrisburg, KY - IL - MO - TN DMA"
TN,WHITE,"Nashville, TN - KY DMA"
TN,WILLIAMSON,"Nashville, TN - KY DMA"
TN,WILSON,"Nashville, TN - KY DMA"
TX,ANDERSON,"Dallas - Ft. Worth, TX DMA"
TX,ANDREWS,"Odessa - Midland, TX DMA"
TX,ANGELINA,"Tyler - Longview (Lufkin&Nacogdoches), TX DMA"
TX,ARANSAS,"Corpus Christi, TX DMA"
TX,ARCHER,"Wichita Falls & Lawton, TX - OK DMA"
TX,ARMSTRONG,"Amarillo, TX -NM - OK DMA"
TX,ATASCOSA,"San Antonio, TX DMA"
TX,AUSTIN,"Houston, TX DMA"
TX,BAILEY,"Lubbock, TX DMA"
TX,BANDERA,"San Antonio, TX DMA"
TX,BASTROP,"Austin, TX DMA"
TX,BAYLOR,"Wichita Falls & Lawton, TX - OK DMA"
TX,BEE,"Corpus Christi, TX DMA"
TX,BELL,"Waco - Temple - Bryan, TX DMA"
TX,BEXAR,"San Antonio, TX DMA"
TX,BLANCO,"Austin, TX DMA"
TX,BORDEN,"Lubbock, TX DMA"
TX,BOSQUE,"Dallas - Ft. Worth, TX DMA"
TX,BOWIE,"Shreveport, LA - AR - OK - TX DMA"
TX,BRAZORIA,"Houston, TX DMA"
TX,BRAZOS,"Waco - Temple - Bryan, TX DMA"
TX,BREWSTER,"Odessa - Midland, TX DMA"
TX,BRISCOE,"Amarillo, TX -NM - OK DMA"
TX,BROOKS,"Corpus Christi, TX DMA"
TX,BROWN,"Abilene - Sweetwater, TX DMA"
TX,BURLESON,"Waco - Temple - Bryan, TX DMA"
TX,BURNET,"Austin, TX DMA"
TX,CALDWELL,"Austin, TX DMA"
TX,CALHOUN,"Houston, TX DMA"
TX,CALLAHAN,"Abilene - Sweetwater, TX DMA"
TX,CAMERON,"Harlingen - Weslaco - Brownsville - McAllen, TX DMA"
TX,CAMP,"Shreveport, LA - AR - OK - TX DMA"
TX,CARSON,"Amarillo, TX -NM - OK DMA"
TX,CASS,"Shreveport, LA - AR - OK - TX DMA"
TX,CASTRO,"Amarillo, TX -NM - OK DMA"
TX,CHAMBERS,"Houston, TX DMA"
TX,CHEROKEE,"Tyler - Longview (Lufkin&Nacogdoches), TX DMA"
TX,CHILDRESS,"Amarillo, TX -NM - OK DMA"
TX,CLAY,"Wichita Falls & Lawton, TX - OK DMA"
TX,COCHRAN,"Lubbock, TX DMA"
TX,COKE,"San Angelo, TX DMA"
TX,COLEMAN,"Abilene - Sweetwater, TX DMA"
TX,COLLIN,"Dallas - Ft. Worth, TX DMA"
TX,COLLINGSWORTH,"Amarillo, TX -NM - OK DMA"
TX,COLORADO,"Houston, TX DMA"
TX,COMAL,"San Antonio, TX DMA"
TX,COMANCHE,"Dallas - Ft. Worth, TX DMA"
TX,CONCHO,"San Angelo, TX DMA"
TX,COOKE,"Dallas - Ft. Worth, TX DMA"
TX,CORYELL,"Waco - Temple - Bryan, TX DMA"
TX,COTTLE,"Amarillo, TX -NM - OK DMA"
TX,CRANE,"Odessa - Midland, TX DMA"
TX,CROCKETT,"San Angelo, TX DMA"
TX,CROSBY,"Lubbock, TX DMA"
TX,CULBERSON,"El Paso, TX - NM DMA"
TX,DALLAM,"Amarillo, TX -NM - OK DMA"
TX,DALLAS,"Dallas - Ft. Worth, TX DMA"
TX,DAWSON,"Lubbock, TX DMA"
TX,DEAF SMITH,"Amarillo, TX -NM - OK DMA"
TX,DELTA,"Dallas - Ft. Worth, TX DMA"
TX,DENTON,"Dallas - Ft. Worth, TX DMA"
TX,DE WITT,"San Antonio, TX DMA"
TX,DICKENS,"Lubbock, TX DMA"
TX,DIMMIT,"San Antonio, TX DMA"
TX,DONLEY,"Amarillo, TX -NM - OK DMA"
TX,DUVAL,"Corpus Christi, TX DMA"
TX,EASTLAND,"Abilene - Sweetwater, TX DMA"
TX,ECTOR,"Odessa - Midland, TX DMA"
TX,EDWARDS,"San Antonio, TX DMA"
TX,ELLIS,"Dallas - Ft. Worth, TX DMA"
TX,EL PASO,"El Paso, TX - NM DMA"
TX,ERATH,"Dallas - Ft. Worth, TX DMA"
TX,FALLS,"Waco - Temple - Bryan, TX DMA"
TX,FANNIN,"Dallas - Ft. Worth, TX DMA"
TX,FAYETTE,"Austin, TX DMA"
TX,FISHER,"Abilene - Sweetwater, TX DMA"
TX,FLOYD,"Lubbock, TX DMA"
TX,FOARD,"Wichita Falls & Lawton, TX - OK DMA"
TX,FORT BEND,"Houston, TX DMA"
TX,FRANKLIN,"Tyler - Longview (Lufkin&Nacogdoches), TX DMA"
TX,FREESTONE,"Dallas - Ft. Worth, TX DMA"
TX,FRIO,"San Antonio, TX DMA"
TX,GAINES,"Lubbock, TX DMA"
TX,GALVESTON,"Houston, TX DMA"
TX,GARZA,"Lubbock, TX DMA"
TX,GILLESPIE,"San Antonio, TX DMA"
TX,GLASSCOCK,"Odessa - Midland, TX DMA"
TX,GOLIAD,"San Antonio, TX DMA"
TX,GONZALES,"San Antonio, TX DMA"
TX,GRAY,"Amarillo, TX -NM - OK DMA"
TX,GRAYSON,"Sherman - Ada, OK - TX DMA"
TX,GREGG,"Tyler - Longview (Lufkin&Nacogdoches), TX DMA"
TX,GRIMES,"Houston, TX DMA"
TX,GUADALUPE,"San Antonio, TX DMA"
TX,HALE,"Lubbock, TX DMA"
TX,HALL,"Amarillo, TX -NM - OK DMA"
TX,HAMILTON,"Dallas - Ft. Worth, TX DMA"
TX,HANSFORD,"Amarillo, TX -NM - OK DMA"
TX,HARDEMAN,"Wichita Falls & Lawton, TX - OK DMA"
TX,HARDIN,"Beaumont - Port Arthur, TX DMA"
TX,HARRIS,"Houston, TX DMA"
TX,HARRISON,"Shreveport, LA - AR - OK - TX DMA"
TX,HARTLEY,"Amarillo, TX -NM - OK DMA"
TX,HASKELL,"Abilene - Sweetwater, TX DMA"
TX,HAYS,"Austin, TX DMA"
TX,HEMPHILL,"Amarillo, TX -NM - OK DMA"
TX,HENDERSON,"Dallas - Ft. Worth, TX DMA"
TX,HIDALGO,"Harlingen - Weslaco - Brownsville - McAllen, TX DMA"
TX,HILL,"Dallas - Ft. Worth, TX DMA"
TX,HOCKLEY,"Lubbock, TX DMA"
TX,HOOD,"Dallas - Ft. Worth, TX DMA"
TX,HOPKINS,"Dallas - Ft. Worth, TX DMA"
TX,HOUSTON,"Tyler - Longview (Lufkin&Nacogdoches), TX DMA"
TX,HOWARD,"Odessa - Midland, TX DMA"
TX,HUDSPETH,"El Paso, TX - NM DMA"
TX,HUNT,"Dallas - Ft. Worth, TX DMA"
TX,HUTCHINSON,"Amarillo, TX -NM - OK DMA"
TX,IRION,"San Angelo, TX DMA"
TX,JACK,"Dallas - Ft. Worth, TX DMA"
TX,JACKSON,"Houston, TX DMA"
TX,JASPER,"Beaumont - Port Arthur, TX DMA"
TX,JEFF DAVIS,"Odessa - Midland, TX DMA"
TX,JEFFERSON,"Beaumont - Port Arthur, TX DMA"
TX,JIM HOGG,"Corpus Christi, TX DMA"
TX,JIM WELLS,"Corpus Christi, TX DMA"
TX,JOHNSON,"Dallas - Ft. Worth, TX DMA"
TX,JONES,"Abilene - Sweetwater, TX DMA"
TX,KARNES,"San Antonio, TX DMA"
TX,KAUFMAN,"Dallas - Ft. Worth, TX DMA"
TX,KENDALL,"San Antonio, TX DMA"
TX,KENEDY,"Corpus Christi, TX DMA"
TX,KENT,"Lubbock, TX DMA"
TX,KERR,"San Antonio, TX DMA"
TX,KIMBLE,"San Angelo, TX DMA"
TX,KING,"Wichita Falls & Lawton, TX - OK DMA"
TX,KINNEY,"San Antonio, TX DMA"
TX,KLEBERG,"Corpus Christi, TX DMA"
TX,KNOX,"Wichita Falls & Lawton, TX - OK DMA"
TX,LAMAR,"Dallas - Ft. Worth, TX DMA"
TX,LAMB,"Lubbock, TX DMA"
TX,LAMPASAS,"Waco - Temple - Bryan, TX DMA"
TX,LA SALLE,"San Antonio, TX DMA"
TX,LAVACA,"San Antonio, TX DMA"
TX,LEE,"Austin, TX DMA"
TX,LEON,"Waco - Temple - Bryan, TX DMA"
TX,LIBERTY,"Houston, TX DMA"
TX,LIMESTONE,"Waco - Temple - Bryan, TX DMA"
TX,LIPSCOMB,"Amarillo, TX -NM - OK DMA"
TX,LIVE OAK,"Corpus Christi, TX DMA"
TX,LLANO,"Austin, TX DMA"
TX,LOVING,"Odessa - Midland, TX DMA"
TX,LUBBOCK,"Lubbock, TX DMA"
TX,LYNN,"Lubbock, TX DMA"
TX,MCCULLOCH,"San Angelo, TX DMA"
TX,MCLENNAN,"Waco - Temple - Bryan, TX DMA"
TX,MCMULLEN,"San Antonio, TX DMA"
TX,MADISON,"Waco - Temple - Bryan, TX DMA"
TX,MARION,"Shreveport, LA - AR - OK - TX DMA"
TX,MARTIN,"Odessa - Midland, TX DMA"
TX,MASON,"Austin, TX DMA"
TX,MATAGORDA,"Houston, TX DMA"
TX,MAVERICK,"San Antonio, TX DMA"
TX,MEDINA,"San Antonio, TX DMA"
TX,MENARD,"San Angelo, TX DMA"
TX,MIDLAND,"Odessa - Midland, TX DMA"
TX,MILAM,"Waco - Temple - Bryan, TX DMA"
TX,MILLS,"Waco - Temple - Bryan, TX DMA"
TX,MITCHELL,"Abilene - Sweetwater, TX DMA"
TX,MONTAGUE,"Dallas - Ft. Worth, TX DMA"
TX,MONTGOMERY,"Houston, TX DMA"
TX,MOORE,"Amarillo, TX -NM - OK DMA"
TX,MORRIS,"Shreveport, LA - AR - OK - TX DMA"
TX,MOTLEY,"Lubbock, TX DMA"
TX,NACOGDOCHES,"Tyler - Longview (Lufkin&Nacogdoches), TX DMA"
TX,NAVARRO,"Dallas - Ft. Worth, TX DMA"
TX,NEWTON,"Beaumont - Port Arthur, TX DMA"
TX,NOLAN,"Abilene - Sweetwater, TX DMA"
TX,NUECES,"Corpus Christi, TX DMA"
TX,OCHILTREE,"Amarillo, TX -NM - OK DMA"
TX,OLDHAM,"Amarillo, TX -NM - OK DMA"
TX,ORANGE,"Beaumont - Port Arthur, TX DMA"
TX,PALO PINTO,"Dallas - Ft. Worth, TX DMA"
TX,PANOLA,"Shreveport, LA - AR - OK - TX DMA"
TX,PARKER,"Dallas - Ft. Worth, TX DMA"
TX,PARMER,"Amarillo, TX -NM - OK DMA"
TX,PECOS,"Odessa - Midland, TX DMA"
TX,POLK,"Houston, TX DMA"
TX,POTTER,"Amarillo, TX -NM - OK DMA"
TX,PRESIDIO,"Odessa - Midland, TX DMA"
TX,RAINS,"Dallas - Ft. Worth, TX DMA"
TX,RANDALL,"Amarillo, TX -NM - OK DMA"
TX,REAGAN,"Odessa - Midland, TX DMA"
TX,REAL,"San Antonio, TX DMA"
TX,RED RIVER,"Shreveport, LA - AR - OK - TX DMA"
TX,REEVES,"Odessa - Midland, TX DMA"
TX,REFUGIO,"Corpus Christi, TX DMA"
TX,ROBERTS,"Amarillo, TX -NM - OK DMA"
TX,ROBERTSON,"Waco - Temple - Bryan, TX DMA"
TX,ROCKWALL,"Dallas - Ft. Worth, TX DMA"
TX,RUNNELS,"Abilene - Sweetwater, TX DMA"
TX,RUSK,"Tyler - Longview (Lufkin&Nacogdoches), TX DMA"
TX,SABINE,"Shreveport, LA - AR - OK - TX DMA"
TX,SAN AUGUSTINE,"Tyler - Longview (Lufkin&Nacogdoches), TX DMA"
TX,SAN JACINTO,"Houston, TX DMA"
TX,SAN PATRICIO,"Corpus Christi, TX DMA"
TX,SAN SABA,"Waco - Temple - Bryan, TX DMA"
TX,SCHLEICHER,"San Angelo, TX DMA"
TX,SCURRY,"Abilene - Sweetwater, TX DMA"
TX,SHACKELFORD,"Abilene - Sweetwater, TX DMA"
TX,SHELBY,"Shreveport, LA - AR - OK - TX DMA"
TX,SHERMAN,"Amarillo, TX -NM - OK DMA"
TX,SMITH,"Tyler - Longview (Lufkin&Nacogdoches), TX DMA"
TX,SOMERVELL,"Dallas - Ft. Worth, TX DMA"
TX,STARR,"Harlingen - Weslaco - Brownsville - McAllen, TX DMA"
TX,STEPHENS,"Abilene - Sweetwater, TX DMA"
TX,STERLING,"San Angelo, TX DMA"
TX,STONEWALL,"Abilene - Sweetwater, TX DMA"
TX,SUTTON,"San Angelo, TX DMA"
TX,SWISHER,"Amarillo, TX -NM - OK DMA"
TX,TARRANT,"Dallas - Ft. Worth, TX DMA"
TX,TAYLOR,"Abilene - Sweetwater, TX DMA"
TX,TERRELL,"Odessa - Midland, TX DMA"
TX,TERRY,"Lubbock, TX DMA"
TX,THROCKMORTON,"Wichita Falls & Lawton, TX - OK DMA"
TX,TITUS,"Shreveport, LA - AR - OK - TX DMA"
TX,TOM GREEN,"San Angelo, TX DMA"
TX,TRAVIS,"Austin, TX DMA"
TX,TRINITY,"Tyler - Longview (Lufkin&Nacogdoches), TX DMA"
TX,TYLER,"Beaumont - Port Arthur, TX DMA"
TX,UPSHUR,"Tyler - Longview (Lufkin&Nacogdoches), TX DMA"
TX,UPTON,"Odessa - Midland, TX DMA"
TX,UVALDE,"San Antonio, TX DMA"
TX,VAL VERDE,"San Antonio, TX DMA"
TX,VAN ZANDT,"Dallas - Ft. Worth, TX DMA"
TX,VICTORIA,"Victoria, TX DMA"
TX,WALKER,"Houston, TX DMA"
TX,WALLER,"Houston, TX DMA"
TX,WARD,"Odessa - Midland, TX DMA"
TX,WASHINGTON,"Houston, TX DMA"
TX,WEBB,"Laredo, TX DMA"
TX,WHARTON,"Houston, TX DMA"
TX,WHEELER,"Amarillo, TX -NM - OK DMA"
TX,WICHITA,"Wichita Falls & Lawton, TX - OK DMA"
TX,WILBARGER,"Wichita Falls & Lawton, TX - OK DMA"
TX,WILLACY,"Harlingen - Weslaco - Brownsville - McAllen, TX DMA"
TX,WILLIAMSON,"Austin, TX DMA"
TX,WILSON,"San Antonio, TX DMA"
TX,WINKLER,"Odessa - Midland, TX DMA"
TX,WISE,"Dallas - Ft. Worth, TX DMA"
TX,WOOD,"Tyler - Longview (Lufkin&Nacogdoches), TX DMA"
TX,YOAKUM,"Lubbock, TX DMA"
TX,YOUNG,"Wichita Falls & Lawton, TX - OK DMA"
TX,ZAPATA,"Laredo, TX DMA"
TX,ZAVALA,"San Antonio, TX DMA"
UT,BEAVER,"Salt Lake City, UT - ID - WY DMA"
UT,BOX ELDER,"Salt Lake City, UT - ID - WY DMA"
UT,CACHE,"Salt Lake City, UT - ID - WY DMA"
UT,CARBON,"Salt Lake City, UT - ID - WY DMA"
UT,DAGGETT,"Salt Lake City, UT - ID - WY DMA"
UT,DAVIS,"Salt Lake City, UT - ID - WY DMA"
UT,DUCHESNE,"Salt Lake City, UT - ID - WY DMA"
UT,EMERY,"Salt Lake City, UT - ID - WY DMA"
UT,GARFIELD,"Salt Lake City, UT - ID - WY DMA"
UT,GRAND,"Salt Lake City, UT - ID - WY DMA"
UT,IRON,"Salt Lake City, UT - ID - WY DMA"
UT,JUAB,"Salt Lake City, UT - ID - WY DMA"
UT,KANE,"Salt Lake City, UT - ID - WY DMA"
UT,MILLARD,"Salt Lake City, UT - ID - WY DMA"
UT,MORGAN,"Salt Lake City, UT - ID - WY DMA"
UT,PIUTE,"Salt Lake City, UT - ID - WY DMA"
UT,RICH,"Salt Lake City, UT - ID - WY DMA"
UT,SALT LAKE,"Salt Lake City, UT - ID - WY DMA"
UT,SAN JUAN,"Salt Lake City, UT - ID - WY DMA"
UT,SANPETE,"Salt Lake City, UT - ID - WY DMA"
UT,SEVIER,"Salt Lake City, UT - ID - WY DMA"
UT,SUMMIT,"Salt Lake City, UT - ID - WY DMA"
UT,TOOELE,"Salt Lake City, UT - ID - WY DMA"
UT,UINTAH,"Salt Lake City, UT - ID - WY DMA"
UT,UTAH,"Salt Lake City, UT - ID - WY DMA"
UT,WASATCH,"Salt Lake City, UT - ID - WY DMA"
UT,WASHINGTON,"Salt Lake City, UT - ID - WY DMA"
UT,WAYNE,"Salt Lake City, UT - ID - WY DMA"
UT,WEBER,"Salt Lake City, UT - ID - WY DMA"
VT,ADDISON,"Burlington, VT - Plattsburgh, NY DMA"
VT,BENNINGTON,"Albany - Schenectady - Troy, NY - MA - VT DMA"
VT,CALEDONIA,"Burlington, VT - Plattsburgh, NY DMA"
VT,CHITTENDEN,"Burlington, VT - Plattsburgh, NY DMA"
VT,ESSEX,"Burlington, VT - Plattsburgh, NY DMA"
VT,FRANKLIN,"Burlington, VT - Plattsburgh, NY DMA"
VT,GRAND ISLE,"Burlington, VT - Plattsburgh, NY DMA"
VT,LAMOILLE,"Burlington, VT - Plattsburgh, NY DMA"
VT,ORANGE,"Burlington, VT - Plattsburgh, NY DMA"
VT,ORLEANS,"Burlington, VT - Plattsburgh, NY DMA"
VT,RUTLAND,"Burlington, VT - Plattsburgh, NY DMA"
VT,WASHINGTON,"Burlington, VT - Plattsburgh, NY DMA"
VT,WINDHAM,"Boston, MA - NH DMA"
VT,WINDSOR,"Burlington, VT - Plattsburgh, NY DMA"
VA,ACCOMACK,"Norfolk - Portsmouth - Newport News, VA - NC DMA"
VA,ALBEMARLE,"Charlottesville, VA DMA"
VA,ALLEGHANY,"Roanoke - Lynchburg, VA - WV DMA"
VA,AMELIA,"Richmond - Petersburg, VA DMA"
VA,AMHERST,"Roanoke - Lynchburg, VA - WV DMA"
VA,APPOMATTOX,"Roanoke - Lynchburg, VA - WV DMA"
VA,ARLINGTON,"Washington, DC - MD - PA - VA - WV DMA"
VA,AUGUSTA,"Harrisonburg, VA - WV DMA"
VA,BATH,"Roanoke - Lynchburg, VA - WV DMA"
VA,BEDFORD,"Roanoke - Lynchburg, VA - WV DMA"
VA,BLAND,"Bluefield - Beckley - Oak Hill, WV - VA DMA"
VA,BOTETOURT,"Roanoke - Lynchburg, VA - WV DMA"
VA,BRUNSWICK,"Richmond - Petersburg, VA DMA"
VA,BUCHANAN,"Tri - Cities, TN - VA - KY DMA"
VA,BUCKINGHAM,"Richmond - Petersburg, VA DMA"
VA,CAMPBELL,"Roanoke - Lynchburg, VA - WV DMA"
VA,CAROLINE,"Richmond - Petersburg, VA DMA"
VA,CARROLL,"Roanoke - Lynchburg, VA - WV DMA"
VA,CHARLES CITY,"Richmond - Petersburg, VA DMA"
VA,CHARLOTTE,"Roanoke - Lynchburg, VA - WV DMA"
VA,CHESTERFIELD,"Richmond - Petersburg, VA DMA"
VA,CLARKE,"Washington, DC - MD - PA - VA - WV DMA"
VA,CRAIG,"Roanoke - Lynchburg, VA - WV DMA"
VA,CULPEPER,"Washington, DC - MD - PA - VA - WV DMA"
VA,CUMBERLAND,"Richmond - Petersburg, VA DMA"
VA,DICKENSON,"Tri - Cities, TN - VA - KY DMA"
VA,DINWIDDIE,"Richmond - Petersburg, VA DMA"
VA,ESSEX,"Richmond - Petersburg, VA DMA"
VA,FAIRFAX,"Washington, DC - MD - PA - VA - WV DMA"
VA,FAUQUIER,"Washington, DC - MD - PA - VA - WV DMA"
VA,FLOYD,"Roanoke - Lynchburg, VA - WV DMA"
VA,FLUVANNA,"Richmond - Petersburg, VA DMA"
VA,FRANKLIN,"Roanoke - Lynchburg, VA - WV DMA"
VA,FREDERICK,"Washington, DC - MD - PA - VA - WV DMA"
VA,GILES,"Roanoke - Lynchburg, VA - WV DMA"
VA,GLOUCESTER,"Norfolk - Portsmouth - Newport News, VA - NC DMA"
VA,GOOCHLAND,"Richmond - Petersburg, VA DMA"
VA,GRAYSON,"Greensboro - H.Point - W.Salem, NC - VA DMA"
VA,GREENE,"Charlottesville, VA DMA"
VA,GREENSVILLE,"Richmond - Petersburg, VA DMA"
VA,HALIFAX,"Roanoke - Lynchburg, VA - WV DMA"
VA,HANOVER,"Richmond - Petersburg, VA DMA"
VA,HENRICO,"Richmond - Petersburg, VA DMA"
VA,HENRY,"Roanoke - Lynchburg, VA - WV DMA"
VA,HIGHLAND,"Roanoke - Lynchburg, VA - WV DMA"
VA,ISLE OF WIGHT,"Norfolk - Portsmouth - Newport News, VA - NC DMA"
VA,JAMES CITY,"Norfolk - Portsmouth - Newport News, VA - NC DMA"
VA,KING AND QUEEN,"Richmond - Petersburg, VA DMA"
VA,KING GEORGE,"Washington, DC - MD - PA - VA - WV DMA"
VA,KING WILLIAM,"Richmond - Petersburg, VA DMA"
VA,LANCASTER,"Richmond - Petersburg, VA DMA"
VA,LEE,"Tri - Cities, TN - VA - KY DMA"
VA,LOUDOUN,"Washington, DC - MD - PA - VA - WV DMA"
VA,LOUISA,"Richmond - Petersburg, VA DMA"
VA,LUNENBURG,"Richmond - Petersburg, VA DMA"
VA,MADISON,"Charlottesville, VA DMA"
VA,MATHEWS,"Norfolk - Portsmouth - Newport News, VA - NC DMA"
VA,MECKLENBURG,"Raleigh - Durham, NC - VA DMA"
VA,MIDDLESEX,"Richmond - Petersburg, VA DMA"
VA,MONTGOMERY,"Roanoke - Lynchburg, VA - WV DMA"
VA,NELSON,"Roanoke - Lynchburg, VA - WV DMA"
VA,NEW KENT,"Richmond - Petersburg, VA DMA"
VA,NORTHAMPTON,"Norfolk - Portsmouth - Newport News, VA - NC DMA"
VA,NORTHUMBERLAND,"Richmond - Petersburg, VA DMA"
VA,NOTTOWAY,"Richmond - Petersburg, VA DMA"
VA,ORANGE,"Richmond - Petersburg, VA DMA"
VA,PAGE,"Washington, DC - MD - PA - VA - WV DMA"
VA,PATRICK,"Greensboro - H.Point - W.Salem, NC - VA DMA"
VA,PITTSYLVANIA,"Roanoke - Lynchburg, VA - WV DMA"
VA,POWHATAN,"Richmond - Petersburg, VA DMA"
VA,PRINCE EDWARD,"Richmond - Petersburg, VA DMA"
VA,PRINCE GEORGE,"Richmond - Petersburg, VA DMA"
VA,PRINCE WILLIAM,"Washington, DC - MD - PA - VA - WV DMA"
VA,PULASKI,"Roanoke - Lynchburg, VA - WV DMA"
VA,RAPPAHANNOCK,"Washington, DC - MD - PA - VA - WV DMA"
VA,RICHMOND,"Richmond - Petersburg, VA DMA"
VA,ROANOKE,"Roanoke - Lynchburg, VA - WV DMA"
VA,ROCKBRIDGE,"Roanoke - Lynchburg, VA - WV DMA"
VA,ROCKINGHAM,"Harrisonburg, VA - WV DMA"
VA,RUSSELL,"Tri - Cities, TN - VA - KY DMA"
VA,SCOTT,"Tri - Cities, TN - VA - KY DMA"
VA,SHENANDOAH,"Washington, DC - MD - PA - VA - WV DMA"
VA,SMYTH,"Tri - Cities, TN - VA - KY DMA"
VA,SOUTHAMPTON,"Norfolk - Portsmouth - Newport News, VA - NC DMA"
VA,SPOTSYLVANIA,"Washington, DC - MD - PA - VA - WV DMA"
VA,STAFFORD,"Washington, DC - MD - PA - VA - WV DMA"
VA,SURRY,"Norfolk - Portsmouth - Newport News, VA - NC DMA"
VA,SUSSEX,"Richmond - Petersburg, VA DMA"
VA,TAZEWELL,"Bluefield - Beckley - Oak Hill, WV - VA DMA"
VA,WARREN,"Washington, DC - MD - PA - VA - WV DMA"
VA,WASHINGTON,"Tri - Cities, TN - VA - KY DMA"
VA,WESTMORELAND,"Washington, DC - MD - PA - VA - WV DMA"
VA,WISE,"Tri - Cities, TN - VA - KY DMA"
VA,WYTHE,"Roanoke - Lynchburg, VA - WV DMA"
VA,YORK,"Norfolk - Portsmouth - Newport News, VA - NC DMA"
VA,ALEXANDRIA,"Washington, DC - MD - PA - VA - WV DMA"
VA,BEDFORD CITY,"Roanoke - Lynchburg, VA - WV DMA"
VA,BRISTOL,"Tri - Cities, TN - VA - KY DMA"
VA,BUENA VISTA,"Roanoke - Lynchburg, VA - WV DMA"
VA,CHARLOTTESVILLE,"Charlottesville, VA DMA"
VA,CHESAPEAKE,"Norfolk - Portsmouth - Newport News, VA - NC DMA"
VA,CLIFTON FORGE,"Roanoke - Lynchburg, VA - WV DMA"
VA,COLONIAL HEIGHTS,"Richmond - Petersburg, VA DMA"
VA,COVINGTON,"Roanoke - Lynchburg, VA - WV DMA"
VA,DANVILLE,"Roanoke - Lynchburg, VA - WV DMA"
VA,EMPORIA,"Richmond - Petersburg, VA DMA"
VA,FAIRFAX CITY,"Washington, DC - MD - PA - VA - WV DMA"
VA,FALLS CHURCH,"Washington, DC - MD - PA - VA - WV DMA"
VA,FRANKLIN CITY,"Norfolk - Portsmouth - Newport News, VA - NC DMA"
VA,FREDERICKSBURG,"Washington, DC - MD - PA - VA - WV DMA"
VA,GALAX,"Roanoke - Lynchburg, VA - WV DMA"
VA,HAMPTON,"Norfolk - Portsmouth - Newport News, VA - NC DMA"
VA,HARRISONBURG,"Harrisonburg, VA - WV DMA"
VA,HOPEWELL,"Richmond - Petersburg, VA DMA"
VA,LEXINGTON,"Roanoke - Lynchburg, VA - WV DMA"
VA,LYNCHBURG,"Roanoke - Lynchburg, VA - WV DMA"
VA,MANASSAS,"Washington, DC - MD - PA - VA - WV DMA"
VA,MANASSAS PARK,"Washington, DC - MD - PA - VA - WV DMA"
VA,MARTINSVILLE,"Roanoke - Lynchburg, VA - WV DMA"
VA,NEWPORT NEWS,"Norfolk - Portsmouth - Newport News, VA - NC DMA"
VA,NORFOLK,"Norfolk - Portsmouth - Newport News, VA - NC DMA"
VA,NORTON,"Tri - Cities, TN - VA - KY DMA"
VA,PETERSBURG,"Richmond - Petersburg, VA DMA"
VA,POQUOSON,"Norfolk - Portsmouth - Newport News, VA - NC DMA"
VA,PORTSMOUTH,"Norfolk - Portsmouth - Newport News, VA - NC DMA"
VA,RADFORD,"Roanoke - Lynchburg, VA - WV DMA"
VA,RICHMOND CITY,"Richmond - Petersburg, VA DMA"
VA,ROANOKE CITY,"Roanoke - Lynchburg, VA - WV DMA"
VA,SALEM,"Roanoke - Lynchburg, VA - WV DMA"
VA,SOUTH BOSTON,"Roanoke - Lynchburg, VA - WV DMA"
VA,STAUNTON,"Richmond - Petersburg, VA DMA"
VA,SUFFOLK,"Norfolk - Portsmouth - Newport News, VA - NC DMA"
VA,VIRGINIA BEACH,"Norfolk - Portsmouth - Newport News, VA - NC DMA"
VA,WAYNESBORO,"Richmond - Petersburg, VA DMA"
VA,WILLIAMSBURG,"Norfolk - Portsmouth - Newport News, VA - NC DMA"
VA,WINCHESTER,"Washington, DC - MD - PA - VA - WV DMA"
WA,CLARK,"Portland, OR - WA DMA"
WA,COWLITZ,"Portland, OR - WA DMA"
WA,KLICKITAT,"Portland, OR - WA DMA"
WA,SKAMANIA,"Portland, OR - WA DMA"
WA,WAHKIAKUM,"Portland, OR - WA DMA"
WA,CHELAN,"Seattle - Tacoma, WA DMA"
WA,CLALLAM,"Seattle - Tacoma, WA DMA"
WA,DOUGLAS,"Seattle - Tacoma, WA DMA"
WA,GRAYS HARBOR,"Seattle - Tacoma, WA DMA"
WA,ISLAND,"Seattle - Tacoma, WA DMA"
WA,JEFFERSON,"Seattle - Tacoma, WA DMA"
WA,KING,"Seattle - Tacoma, WA DMA"
WA,KITSAP,"Seattle - Tacoma, WA DMA"
WA,LEWIS,"Seattle - Tacoma, WA DMA"
WA,MASON,"Seattle - Tacoma, WA DMA"
WA,PACIFIC,"Seattle - Tacoma, WA DMA"
WA,PIERCE,"Seattle - Tacoma, WA DMA"
WA,SAN JUAN,"Seattle - Tacoma, WA DMA"
WA,SKAGIT,"Seattle - Tacoma, WA DMA"
WA,SNOHOMISH,"Seattle - Tacoma, WA DMA"
WA,THURSTON,"Seattle - Tacoma, WA DMA"
WA,WHATCOM,"Seattle - Tacoma, WA DMA"
WA,FERRY,"Spokane, WA - ID - MT - OR DMA"
WA,LINCOLN,"Spokane, WA - ID - MT - OR DMA"
WA,OKANOGAN,"Spokane, WA - ID - MT - OR DMA"
WA,PEND OREILLE,"Spokane, WA - ID - MT - OR DMA"
WA,SPOKANE,"Spokane, WA - ID - MT - OR DMA"
WA,STEVENS,"Spokane, WA - ID - MT - OR DMA"
WA,ADAMS,"Spokane, WA - ID - MT - OR DMA"
WA,ASOTIN,"Spokane, WA - ID - MT - OR DMA"
WA,BENTON,"Yakima - Pasco - Richland - Kennewick, WA - OR DMA"
WA,COLUMBIA,"Spokane, WA - ID - MT - OR DMA"
WA,FRANKLIN,"Yakima - Pasco - Richland - Kennewick, WA - OR DMA"
WA,GARFIELD,"Spokane, WA - ID - MT - OR DMA"
WA,GRANT,"Spokane, WA - ID - MT - OR DMA"
WA,KITTITAS,"Yakima - Pasco - Richland - Kennewick, WA - OR DMA"
WA,WALLA WALLA,"Yakima - Pasco - Richland - Kennewick, WA - OR DMA"
WA,WHITMAN,"Spokane, WA - ID - MT - OR DMA"
WA,YAKIMA,"Yakima - Pasco - Richland - Kennewick, WA - OR DMA"
WV,BARBOUR,"Clarksburg - Weston, WV DMA"
WV,BERKELEY,"Washington, DC - MD - PA - VA - WV DMA"
WV,BOONE,"Charleston - Huntington, WV - KY - OH DMA"
WV,BRAXTON,"Charleston - Huntington, WV - KY - OH DMA"
WV,BROOKE,"Wheeling - Steubenville, WV - OH DMA"
WV,CABELL,"Charleston - Huntington, WV - KY - OH DMA"
WV,CALHOUN,"Charleston - Huntington, WV - KY - OH DMA"
WV,CLAY,"Charleston - Huntington, WV - KY - OH DMA"
WV,DODDRIDGE,"Clarksburg - Weston, WV DMA"
WV,FAYETTE,"Bluefield - Beckley - Oak Hill, WV - VA DMA"
WV,GILMER,"Clarksburg - Weston, WV DMA"
WV,GRANT,"Washington, DC - MD - PA - VA - WV DMA"
WV,GREENBRIER,"Bluefield - Beckley - Oak Hill, WV - VA DMA"
WV,HAMPSHIRE,"Washington, DC - MD - PA - VA - WV DMA"
WV,HANCOCK,"Wheeling - Steubenville, WV - OH DMA"
WV,HARDY,"Washington, DC - MD - PA - VA - WV DMA"
WV,HARRISON,"Clarksburg - Weston, WV DMA"
WV,JACKSON,"Charleston - Huntington, WV - KY - OH DMA"
WV,JEFFERSON,"Washington, DC - MD - PA - VA - WV DMA"
WV,KANAWHA,"Charleston - Huntington, WV - KY - OH DMA"
WV,LEWIS,"Clarksburg - Weston, WV DMA"
WV,LINCOLN,"Charleston - Huntington, WV - KY - OH DMA"
WV,LOGAN,"Charleston - Huntington, WV - KY - OH DMA"
WV,MCDOWELL,"Bluefield - Beckley - Oak Hill, WV - VA DMA"
WV,MARION,"Clarksburg - Weston, WV DMA"
WV,MARSHALL,"Wheeling - Steubenville, WV - OH DMA"
WV,MASON,"Charleston - Huntington, WV - KY - OH DMA"
WV,MERCER,"Bluefield - Beckley - Oak Hill, WV - VA DMA"
WV,MINERAL,"Washington, DC - MD - PA - VA - WV DMA"
WV,MINGO,"Charleston - Huntington, WV - KY - OH DMA"
WV,MONONGALIA,"Pittsburgh, PA - MD- WV DMA"
WV,MONROE,"Bluefield - Beckley - Oak Hill, WV - VA DMA"
WV,MORGAN,"Washington, DC - MD - PA - VA - WV DMA"
WV,NICHOLAS,"Charleston - Huntington, WV - KY - OH DMA"
WV,OHIO,"Wheeling - Steubenville, WV - OH DMA"
WV,PENDLETON,"Harrisonburg, VA - WV DMA"
WV,PLEASANTS,"Parkersburg, WV - OH DMA"
WV,POCAHONTAS,"Roanoke - Lynchburg, VA - WV DMA"
WV,PRESTON,"Pittsburgh, PA - MD- WV DMA"
WV,PUTNAM,"Charleston - Huntington, WV - KY - OH DMA"
WV,RALEIGH,"Bluefield - Beckley - Oak Hill, WV - VA DMA"
WV,RANDOLPH,"Clarksburg - Weston, WV DMA"
WV,RITCHIE,"Clarksburg - Weston, WV DMA"
WV,ROANE,"Charleston - Huntington, WV - KY - OH DMA"
WV,SUMMERS,"Bluefield - Beckley - Oak Hill, WV - VA DMA"
WV,TAYLOR,"Clarksburg - Weston, WV DMA"
WV,TUCKER,"Clarksburg - Weston, WV DMA"
WV,TYLER,"Wheeling - Steubenville, WV - OH DMA"
WV,UPSHUR,"Clarksburg - Weston, WV DMA"
WV,WAYNE,"Charleston - Huntington, WV - KY - OH DMA"
WV,WEBSTER,"Clarksburg - Weston, WV DMA"
WV,WETZEL,"Wheeling - Steubenville, WV - OH DMA"
WV,WIRT,"Charleston - Huntington, WV - KY - OH DMA"
WV,WOOD,"Parkersburg, WV - OH DMA"
WV,WYOMING,"Bluefield - Beckley - Oak Hill, WV - VA DMA"
WI,ADAMS,"Wausau - Rhinelander, WI DMA"
WI,ASHLAND,"Duluth - Superior, MN - MI - WI DMA"
WI,BARRON,"Minneapolis - St. Paul, MN - WI DMA"
WI,BAYFIELD,"Duluth - Superior, MN - MI - WI DMA"
WI,BROWN,"Green Bay - Appleton, WI - MI DMA"
WI,BUFFALO,"LaCrosse - Eau Claire, WI - MN DMA"
WI,BURNETT,"Minneapolis - St. Paul, MN - WI DMA"
WI,CALUMET,"Green Bay - Appleton, WI - MI DMA"
WI,CHIPPEWA,"LaCrosse - Eau Claire, WI - MN DMA"
WI,CLARK,"LaCrosse - Eau Claire, WI - MN DMA"
WI,COLUMBIA,"Madison, WI DMA"
WI,CRAWFORD,"LaCrosse - Eau Claire, WI - MN DMA"
WI,DANE,"Madison, WI DMA"
WI,DODGE,"Milwaukee, WI DMA"
WI,DOOR,"Green Bay - Appleton, WI - MI DMA"
WI,DOUGLAS,"Duluth - Superior, MN - MI - WI DMA"
WI,DUNN,"Minneapolis - St. Paul, MN - WI DMA"
WI,EAU CLAIRE,"LaCrosse - Eau Claire, WI - MN DMA"
WI,FLORENCE,"Marquette, MI DMA"
WI,FOND DU LAC,"Green Bay - Appleton, WI - MI DMA"
WI,FOREST,"Wausau - Rhinelander, WI DMA"
WI,GRANT,"Madison, WI DMA"
WI,GREEN,"Madison, WI DMA"
WI,GREEN LAKE,"Green Bay - Appleton, WI - MI DMA"
WI,IOWA,"Madison, WI DMA"
WI,IRON,"Duluth - Superior, MN - MI - WI DMA"
WI,JACKSON,"LaCrosse - Eau Claire, WI - MN DMA"
WI,JEFFERSON,"Milwaukee, WI DMA"
WI,JUNEAU,"Madison, WI DMA"
WI,KENOSHA,"Milwaukee, WI DMA"
WI,KEWAUNEE,"Green Bay - Appleton, WI - MI DMA"
WI,LA CROSSE,"LaCrosse - Eau Claire, WI - MN DMA"
WI,LAFAYETTE,"Madison, WI DMA"
WI,LANGLADE,"Wausau - Rhinelander, WI DMA"
WI,LINCOLN,"Wausau - Rhinelander, WI DMA"
WI,MANITOWOC,"Green Bay - Appleton, WI - MI DMA"
WI,MARATHON,"Wausau - Rhinelander, WI DMA"
WI,MARINETTE,"Green Bay - Appleton, WI - MI DMA"
WI,MARQUETTE,"Madison, WI DMA"
WI,MENOMINEE,"Green Bay - Appleton, WI - MI DMA"
WI,MILWAUKEE,"Milwaukee, WI DMA"
WI,MONROE,"LaCrosse - Eau Claire, WI - MN DMA"
WI,OCONTO,"Green Bay - Appleton, WI - MI DMA"
WI,ONEIDA,"Wausau - Rhinelander, WI DMA"
WI,OUTAGAMIE,"Green Bay - Appleton, WI - MI DMA"
WI,OZAUKEE,"Milwaukee, WI DMA"
WI,PEPIN,"Minneapolis - St. Paul, MN - WI DMA"
WI,PIERCE,"Minneapolis - St. Paul, MN - WI DMA"
WI,POLK,"Minneapolis - St. Paul, MN - WI DMA"
WI,PORTAGE,"Wausau - Rhinelander, WI DMA"
WI,PRICE,"Wausau - Rhinelander, WI DMA"
WI,RACINE,"Milwaukee, WI DMA"
WI,RICHLAND,"Madison, WI DMA"
WI,ROCK,"Madison, WI DMA"
WI,RUSK,"LaCrosse - Eau Claire, WI - MN DMA"
WI,ST CROIX,"Minneapolis - St. Paul, MN - WI DMA"
WI,SAUK,"Madison, WI DMA"
WI,SAWYER,"Duluth - Superior, MN - MI - WI DMA"
WI,SHAWANO,"Green Bay - Appleton, WI - MI DMA"
WI,SHEBOYGAN,"Milwaukee, WI DMA"
WI,TAYLOR,"Wausau - Rhinelander, WI DMA"
WI,TREMPEALEAU,"LaCrosse - Eau Claire, WI - MN DMA"
WI,VERNON,"LaCrosse - Eau Claire, WI - MN DMA"
WI,VILAS,"Wausau - Rhinelander, WI DMA"
WI,WALWORTH,"Milwaukee, WI DMA"
WI,WASHBURN,"Duluth - Superior, MN - MI - WI DMA"
WI,WASHINGTON,"Milwaukee, WI DMA"
WI,WAUKESHA,"Milwaukee, WI DMA"
WI,WAUPACA,"Green Bay - Appleton, WI - MI DMA"
WI,WAUSHARA,"Green Bay - Appleton, WI - MI DMA"
WI,WINNEBAGO,"Green Bay - Appleton, WI - MI DMA"
WI,WOOD,"Wausau - Rhinelander, WI DMA"
WY,ALBANY,"Denver, CO - NE - NV - WY DMA"
WY,BIG HORN,"Billings, MT - ID DMA"
WY,CAMPBELL,"Denver, CO - NE - NV - WY DMA"
WY,CARBON,"Denver, CO - NE - NV - WY DMA"
WY,CONVERSE,"Casper - Riverton, WY DMA"
WY,CROOK,"Rapid City, SD - MT - NE - WY DMA"
WY,FREMONT,"Casper - Riverton, WY DMA"
WY,GOSHEN,"Cheyenne - Scottsbluff - Sterling, WY - NE DMA"
WY,HOT SPRINGS,"Casper - Riverton, WY DMA"
WY,JOHNSON,"Casper - Riverton, WY DMA"
WY,LARAMIE,"Cheyenne - Scottsbluff - Sterling, WY - NE DMA"
WY,LINCOLN,"Idaho Falls - Pocatello, ID - WY DMA"
WY,NATRONA,"Casper - Riverton, WY DMA"
WY,NIOBRARA,"Denver, CO - NE - NV - WY DMA"
WY,PARK,"Billings, MT - ID DMA"
WY,PLATTE,"Denver, CO - NE - NV - WY DMA"
WY,SHERIDAN,"Rapid City, SD - MT - NE - WY DMA"
WY,SUBLETTE,"Salt Lake City, UT - ID - WY DMA"
WY,SWEETWATER,"Salt Lake City, UT - ID - WY DMA"
WY,TETON,"Idaho Falls - Pocatello, ID - WY DMA"
WY,UINTA,"Salt Lake City, UT - ID - WY DMA"
WY,WASHAKIE,"Casper - Riverton, WY DMA"
WY,WESTON,"Rapid City, SD - MT - NE - WY DMA"
